Pokemon,Type,Species,Height,Weight,Catch Rate,Friendship,Exp,HP,Attack,Defense,Special Attack,Special Defense,Speed
Flabebe,Fairy,Single Bloom Pokemon,0.1,0.1,225.0,50.0,61.0,44,38,39,61,79,42
Gimmighoul Roaming Form,Ghost,Coin Hunter Pokemon,0.1,0.1,45.0,50.0,60.0,45,30,25,75,45,80
Cutiefly,"Bug, Fairy",Bee Fly Pokemon,0.1,0.2,190.0,50.0,61.0,40,45,40,55,40,84
Comfey,Fairy,Posy Picker Pokemon,0.1,0.3,60.0,50.0,170.0,51,52,90,82,110,100
Joltik,"Bug, Electric",Attaching Pokemon,0.1,0.6,190.0,50.0,64.0,50,47,50,57,50,65
Poltchageist,"Grass, Ghost",Matcha Pokemon,0.1,1.1,120.0,50.0,64.0,40,45,45,74,54,50
Cosmog,Psychic,Nebula Pokemon,0.2,0.1,45.0,0.0,40.0,43,29,31,29,31,37
Milcery,Fairy,Cream Pokemon,0.2,0.3,200.0,50.0,54.0,45,40,40,50,61,34
Polteageist,Ghost,Black Tea Pokemon,0.2,0.4,60.0,50.0,178.0,60,65,65,134,114,70
Applin,"Grass, Dragon",Apple Core Pokemon,0.2,0.5,255.0,50.0,52.0,40,40,80,40,40,20
Chingling,Psychic,Bell Pokemon,0.2,0.6,120.0,50.0,57.0,45,30,50,65,50,45
Mimikyu,"Ghost, Fairy",Disguise Pokemon,0.2,0.7,45.0,50.0,167.0,55,90,80,50,105,96
Diglett,Ground,Mole Pokemon,0.2,0.8,255.0,50.0,53.0,10,55,25,35,45,95
Floette,Fairy,Single Bloom Pokemon,0.2,0.9,120.0,50.0,130.0,54,45,47,75,98,52
Alolan Diglett,"Ground, Steel",Mole Pokemon,0.2,1.0,255.0,50.0,53.0,10,55,30,35,45,90
Foongus,"Grass, Poison",Mushroom Pokemon,0.2,1.0,190.0,50.0,59.0,69,55,45,55,55,15
Nymble,Bug,Grasshopper Pokemon,0.2,1.0,190.0,20.0,42.0,33,46,40,21,25,45
Budew,"Grass, Poison",Bud Pokemon,0.2,1.2,255.0,50.0,56.0,40,30,35,50,70,55
Flittle,Psychic,Frill Pokemon,0.2,1.5,120.0,50.0,51.0,30,35,30,55,30,75
Morelull,"Grass, Fairy",Illuminating Pokemon,0.2,1.5,190.0,50.0,57.0,40,35,55,65,75,15
Azurill,"Normal, Fairy",Polka Dot Pokemon,0.2,2.0,150.0,50.0,38.0,50,20,40,20,40,20
Natu,"Psychic, Flying",Tiny Bird Pokemon,0.2,2.0,190.0,50.0,64.0,40,50,45,70,45,70
Dedenne,"Electric, Fairy",Antenna Pokemon,0.2,2.2,180.0,50.0,151.0,67,58,57,81,67,101
Klefki,"Steel, Fairy",Key Ring Pokemon,0.2,3.0,75.0,50.0,165.0,57,80,91,80,87,75
Burmy Plant Cloak,Bug,Bagworm Pokemon,0.2,3.4,120.0,50.0,45.0,40,29,45,29,45,36
Burmy Sandy Cloak,Bug,Bagworm Pokemon,0.2,3.4,120.0,50.0,45.0,40,29,45,29,45,36
Burmy Trash Cloak,Bug,Bagworm Pokemon,0.2,3.4,120.0,50.0,45.0,40,29,45,29,45,36
Meltan,Steel,Hex Nut Pokemon,0.2,8.0,3.0,0.0,150.0,46,65,65,55,35,34
Kartana,"Grass, Steel",Drawn Sword Pokemon,0.3,0.1,45.0,0.0,257.0,59,181,131,59,31,109
Azelf,Psychic,Willpower Pokemon,0.3,0.3,3.0,140.0,290.0,75,125,70,125,70,115
Mesprit,Psychic,Emotion Pokemon,0.3,0.3,3.0,140.0,290.0,80,105,105,105,105,80
Minior Core Form,"Rock, Flying",Meteor Pokemon,0.3,0.3,30.0,50.0,175.0,60,100,60,100,60,120
Pecharunt,"Poison, Ghost",Subjugation Pokemon,0.3,0.3,3.0,50.0,64.0,88,88,160,88,88,88
Alcremie,Fairy,Cream Pokemon,0.3,0.5,100.0,50.0,173.0,65,60,75,110,121,64
Cottonee,"Grass, Fairy",Cotton Puff Pokemon,0.3,0.6,190.0,50.0,56.0,40,27,60,37,50,66
Castform,Normal,Weather Pokemon,0.3,0.8,45.0,50.0,147.0,70,70,70,70,70,70
Castform Sunny Form,Fire,Weather Pokemon,0.3,0.8,45.0,50.0,147.0,70,70,70,70,70,70
Castform Rainy Form,Water,Weather Pokemon,0.3,0.8,45.0,50.0,147.0,70,70,70,70,70,70
Castform Snowy Form,Ice,Weather Pokemon,0.3,0.8,45.0,50.0,147.0,70,70,70,70,70,70
Flapple,"Grass, Dragon",Apple Wing Pokemon,0.3,1.0,45.0,50.0,170.0,70,110,80,95,60,70
Igglybuff,"Normal, Fairy",Balloon Pokemon,0.3,1.0,170.0,50.0,42.0,90,30,15,40,20,15
Pincurchin,Electric,Sea Urchin Pokemon,0.3,1.0,75.0,50.0,152.0,48,101,95,91,85,15
Jirachi,"Steel, Psychic",Wish Pokemon,0.3,1.1,3.0,100.0,270.0,100,100,100,100,100,100
Pikipek,"Normal, Flying",Woodpecker Pokemon,0.3,1.2,255.0,50.0,53.0,35,75,30,30,30,65
Manaphy,Water,Seafaring Pokemon,0.3,1.4,3.0,50.0,270.0,100,100,100,100,100,100
Fomantis,Grass,Sickle Grass Pokemon,0.3,1.5,190.0,50.0,50.0,40,55,35,50,35,35
Fletchling,"Normal, Flying",Tiny Robin Pokemon,0.3,1.7,255.0,50.0,56.0,45,50,43,40,38,62
Pidgey,"Normal, Flying",Tiny Bird Pokemon,0.3,1.8,255.0,50.0,50.0,40,45,40,35,35,56
Pichu,Electric,Tiny Mouse Pokemon,0.3,2.0,190.0,50.0,41.0,20,40,15,35,35,60
Pidove,"Normal, Flying",Tiny Pigeon Pokemon,0.3,2.1,255.0,50.0,53.0,50,55,50,36,30,43
Kricketot,Bug,Cricket Pokemon,0.3,2.2,255.0,50.0,39.0,37,25,41,25,41,25
Maushold Family of Three,Normal,Family Pokemon,0.3,2.3,75.0,50.0,165.0,74,75,70,65,75,111
Pawmi,Electric,Mouse Pokemon,0.3,2.5,190.0,50.0,48.0,45,50,20,40,25,60
Goomy,Dragon,Soft Tissue Pokemon,0.3,2.8,45.0,35.0,60.0,45,50,35,55,75,40
Maushold Family of Four,Normal,Family Pokemon,0.3,2.8,75.0,50.0,165.0,74,75,70,65,75,111
Caterpie,Bug,Worm Pokemon,0.3,2.9,255.0,50.0,39.0,45,30,35,20,20,45
Capsakid,Grass,Spicy Pepper Pokemon,0.3,3.0,190.0,50.0,61.0,50,62,40,62,40,50
Cleffa,Fairy,Star Shape Pokemon,0.3,3.0,150.0,140.0,44.0,50,25,28,45,55,15
Morpeko Full Belly Mode,"Electric, Dark",Two-Sided Pokemon,0.3,3.0,180.0,50.0,153.0,58,95,58,70,58,97
Morpeko Hangry Mode,"Electric, Dark",Two-Sided Pokemon,0.3,3.0,180.0,50.0,153.0,58,95,58,70,58,97
Litwick,"Ghost, Fire",Candle Pokemon,0.3,3.1,190.0,50.0,55.0,50,30,55,65,55,20
Bounsweet,Grass,Fruit Pokemon,0.3,3.2,235.0,50.0,42.0,42,30,38,30,38,32
Espurr,Psychic,Restraint Pokemon,0.3,3.5,190.0,50.0,71.0,62,48,54,63,60,68
Dewpider,"Water, Bug",Water Bubble Pokemon,0.3,4.0,200.0,50.0,54.0,38,40,52,40,72,27
Ditto,Normal,Transform Pokemon,0.3,4.0,35.0,50.0,101.0,48,48,48,48,48,48
Gimmighoul Chest Form,Ghost,Coin Chest Pokemon,0.3,5.0,45.0,50.0,60.0,45,30,70,75,70,10
Grookey,Grass,Chimp Pokemon,0.3,5.0,45.0,50.0,62.0,50,65,50,40,40,65
Paras,"Bug, Grass",Mushroom Pokemon,0.3,5.4,190.0,50.0,57.0,35,70,55,45,55,25
Combee,"Bug, Flying",Tiny Bee Pokemon,0.3,5.5,120.0,50.0,49.0,30,30,42,30,42,70
Carbink,"Rock, Fairy",Jewel Pokemon,0.3,5.7,60.0,50.0,100.0,50,50,150,50,150,50
Magnemite,"Electric, Steel",Magnet Pokemon,0.3,6.0,190.0,50.0,65.0,25,35,70,95,55,45
Eevee,Normal,Evolution Pokemon,0.3,6.5,45.0,50.0,65.0,55,55,50,45,65,55
Partner Eevee,Normal,Evolution Pokemon,0.3,6.5,45.0,50.0,65.0,65,75,70,65,85,75
Froakie,Water,Bubble Frog Pokemon,0.3,7.0,45.0,50.0,63.0,41,56,40,62,44,71
Chewtle,Water,Snapping Pokemon,0.3,8.5,255.0,50.0,57.0,50,64,50,38,38,44
Drilbur,Ground,Mole Pokemon,0.3,8.5,120.0,50.0,66.0,60,85,40,30,45,68
Fidough,Fairy,Puppy Pokemon,0.3,10.9,190.0,50.0,62.0,37,55,70,30,55,65
Dwebble,"Bug, Rock",Rock Inn Pokemon,0.3,14.5,190.0,50.0,65.0,50,65,85,35,35,55
Klink,Steel,Gear Pokemon,0.3,21.0,130.0,50.0,60.0,40,55,70,45,60,30
Durant,"Bug, Steel",Iron Ant Pokemon,0.3,33.0,90.0,50.0,169.0,58,109,112,48,48,109
Minior Meteor Form,"Rock, Flying",Meteor Pokemon,0.3,40.0,30.0,50.0,154.0,60,60,100,60,100,60
Hoppip,"Grass, Flying",Cottonweed Pokemon,0.4,0.5,255.0,50.0,50.0,35,35,40,35,55,50
Drifloon,"Ghost, Flying",Balloon Pokemon,0.4,1.2,125.0,50.0,70.0,90,50,34,60,44,70
Barboach,"Water, Ground",Whiskers Pokemon,0.4,1.9,190.0,50.0,58.0,50,48,43,46,41,60
Gossifleur,Grass,Flowering Pokemon,0.4,2.2,190.0,50.0,50.0,40,40,60,40,60,10
Exeggcute,"Grass, Psychic",Egg Pokemon,0.4,2.5,90.0,50.0,65.0,60,40,80,60,45,40
Phione,Water,Sea Drifter Pokemon,0.4,3.1,30.0,50.0,216.0,80,80,80,80,80,80
Cherubi,Grass,Cherry Pokemon,0.4,3.3,190.0,50.0,55.0,45,35,45,62,53,35
Hatenna,Psychic,Calm Pokemon,0.4,3.4,235.0,50.0,53.0,42,30,45,56,53,39
Inkay,"Dark, Psychic",Revolving Pokemon,0.4,3.5,190.0,50.0,58.0,53,54,53,37,46,45
Pachirisu,Electric,EleSquirrel Pokemon,0.4,3.9,200.0,100.0,142.0,60,45,70,45,90,95
Mew,Psychic,New Species Pokemon,0.4,4.0,45.0,100.0,300.0,100,100,100,100,100,100
Lillipup,Normal,Puppy Pokemon,0.4,4.1,255.0,50.0,55.0,45,60,45,25,45,55
Meowth,Normal,Scratch Cat Pokemon,0.4,4.2,255.0,50.0,58.0,40,45,35,40,40,90
Alolan Meowth,Dark,Scratch Cat Pokemon,0.4,4.2,255.0,50.0,58.0,40,35,35,50,40,90
Minun,Electric,Cheering Pokemon,0.4,4.2,200.0,50.0,142.0,60,40,50,75,85,95
Plusle,Electric,Cheering Pokemon,0.4,4.2,200.0,50.0,142.0,60,50,40,85,75,95
Litten,Fire,Fire Cat Pokemon,0.4,4.3,45.0,50.0,64.0,45,65,40,60,40,70
Dipplin,"Grass, Dragon",Candy Apple Pokemon,0.4,4.4,45.0,50.0,64.0,80,80,110,95,80,40
Grubbin,Bug,Larva Pokemon,0.4,4.4,255.0,50.0,60.0,47,62,45,55,45,46
Chi-Yu,"Dark, Fire",Ruinous Pokemon,0.4,4.9,6.0,0.0,285.0,55,80,80,135,120,100
Bunnelby,Normal,Digging Pokemon,0.4,5.0,255.0,50.0,47.0,38,36,38,32,36,57
Emolga,"Electric, Flying",Sky Squirrel Pokemon,0.4,5.0,200.0,50.0,150.0,55,75,60,75,60,103
Piplup,Water,Penguin Pokemon,0.4,5.2,45.0,50.0,63.0,53,51,53,61,56,40
Buneary,Normal,Rabbit Pokemon,0.4,5.5,190.0,0.0,70.0,55,66,44,44,56,85
Impidimp,"Dark, Fairy",Wily Pokemon,0.4,5.5,255.0,50.0,53.0,45,45,30,55,40,50
Bellossom,Grass,Flower Pokemon,0.4,5.8,45.0,50.0,221.0,75,80,95,90,100,50
Gothita,Psychic,Fixation Pokemon,0.4,5.8,200.0,50.0,58.0,45,30,50,55,65,45
Minccino,Normal,Chinchilla Pokemon,0.4,5.8,255.0,50.0,60.0,55,50,40,40,40,75
Pikachu,Electric,Mouse Pokemon,0.4,6.0,190.0,50.0,112.0,35,55,40,50,50,90
Partner Pikachu,Electric,Mouse Pokemon,0.4,6.0,190.0,50.0,112.0,45,80,50,75,60,120
Cubone,Ground,Lonely Pokemon,0.4,6.5,190.0,50.0,64.0,50,50,95,40,50,35
Krabby,Water,River Crab Pokemon,0.4,6.5,225.0,50.0,65.0,30,105,90,25,25,50
Pawmo,"Electric, Fighting",Mouse Pokemon,0.4,6.5,80.0,50.0,123.0,60,75,40,50,40,85
Finneon,Water,Wing Fish Pokemon,0.4,7.0,190.0,50.0,66.0,49,49,56,49,61,66
Nidoran? (female) Nidoran?,Poison,Poison Pin Pokemon,0.4,7.0,235.0,50.0,55.0,55,47,52,40,40,41
Phantump,"Ghost, Grass",Stump Pokemon,0.4,7.0,120.0,50.0,62.0,43,70,48,50,60,38
Galarian Meowth,Steel,Scratch Cat Pokemon,0.4,7.5,255.0,50.0,58.0,50,65,55,40,40,40
Omanyte,"Rock, Water",Spiral Pokemon,0.4,7.5,45.0,50.0,71.0,35,40,100,90,55,35
Mudkip,Water,Mud Fish Pokemon,0.4,7.6,45.0,50.0,62.0,50,70,50,50,50,40
Blipbug,Bug,Larva Pokemon,0.4,8.0,255.0,50.0,36.0,25,20,20,25,45,45
Horsea,Water,Dragon Pokemon,0.4,8.0,225.0,50.0,59.0,30,40,70,70,25,60
Mareanie,"Poison, Water",Brutal Star Pokemon,0.4,8.0,190.0,50.0,61.0,50,53,62,43,52,45
Marill,"Water, Fairy",Aqua Mouse Pokemon,0.4,8.5,190.0,50.0,88.0,70,20,50,20,50,40
Chespin,Grass,Spiny Nut Pokemon,0.4,9.0,45.0,50.0,63.0,56,61,65,48,45,38
Fennekin,Fire,Fox Pokemon,0.4,9.4,45.0,50.0,61.0,40,45,40,62,60,60
Fuecoco,Fire,Fire Croc Pokemon,0.4,9.8,45.0,50.0,62.0,67,45,59,63,40,36
Gulpin,Poison,Stomach Pokemon,0.4,10.3,225.0,50.0,60.0,70,43,53,43,53,40
Appletun,"Grass, Dragon",Apple Nectar Pokemon,0.4,13.0,45.0,50.0,170.0,110,85,80,100,80,30
Nacli,Rock,Rock Salt Pokemon,0.4,16.0,255.0,50.0,56.0,55,55,75,35,35,25
Dottler,"Bug, Psychic",Radome Pokemon,0.4,19.5,120.0,50.0,117.0,50,35,80,50,90,30
Komala,Normal,Drowsing Pokemon,0.4,19.9,45.0,50.0,168.0,65,115,65,75,95,65
Geodude,"Rock, Ground",Rock Pokemon,0.4,20.0,255.0,50.0,60.0,40,80,100,30,30,20
Alolan Geodude,"Rock, Electric",Rock Pokemon,0.4,20.3,255.0,50.0,60.0,40,80,100,30,30,20
Orbeetle,"Bug, Psychic",Seven Spot Pokemon,0.4,40.8,45.0,50.0,253.0,60,45,110,80,120,90
Cacnea,Grass,Cactus Pokemon,0.4,51.3,190.0,35.0,67.0,50,85,40,85,40,35
Clamperl,Water,Bivalve Pokemon,0.4,52.5,255.0,50.0,69.0,35,64,85,74,55,32
Aron,"Steel, Rock",Iron Armor Pokemon,0.4,60.0,180.0,35.0,66.0,50,70,100,40,40,30
Arrokuda,Water,Rush Pokemon,0.5,1.0,255.0,50.0,56.0,41,63,40,40,30,66
Chatot,"Normal, Flying",Music Note Pokemon,0.5,1.9,30.0,35.0,144.0,76,65,45,92,42,91
Dreepy,"Dragon, Ghost",Lingering Pokemon,0.5,2.0,45.0,50.0,54.0,28,60,30,40,30,82
Murkrow,"Dark, Flying",Darkness Pokemon,0.5,2.1,30.0,35.0,81.0,60,85,42,85,42,91
Eldegoss,Grass,Cotton Bloom Pokemon,0.5,2.5,75.0,50.0,161.0,60,50,90,80,120,60
Lotad,"Water, Grass",Water Weed Pokemon,0.5,2.6,255.0,50.0,44.0,40,30,30,40,50,30
Glameow,Normal,Catty Pokemon,0.5,3.9,190.0,50.0,62.0,49,55,42,42,37,85
Oddish,"Grass, Poison",Weed Pokemon,0.5,5.4,255.0,50.0,64.0,45,50,55,75,65,30
Ducklett,"Water, Flying",Water Bird Pokemon,0.5,5.5,190.0,50.0,61.0,62,44,50,44,50,55
Jigglypuff,"Normal, Fairy",Balloon Pokemon,0.5,5.5,170.0,50.0,95.0,115,45,20,45,25,20
Nincada,"Bug, Ground",Trainee Pokemon,0.5,5.5,255.0,50.0,53.0,31,45,90,30,30,40
Karrablast,Bug,Clamping Pokemon,0.5,5.9,200.0,50.0,63.0,50,75,45,40,45,60
Oshawott,Water,Sea Otter Pokemon,0.5,5.9,45.0,50.0,62.0,55,55,45,63,45,45
Helioptile,"Electric, Normal",Generator Pokemon,0.5,6.0,190.0,50.0,58.0,44,38,33,61,43,70
Chimchar,Fire,Chimp Pokemon,0.5,6.2,45.0,50.0,62.0,44,58,44,58,44,61
Petilil,Grass,Bulb Pokemon,0.5,6.6,190.0,50.0,56.0,45,35,50,70,50,30
Cinccino,Normal,Scarf Pokemon,0.5,7.5,60.0,50.0,165.0,75,95,60,65,60,115
Cyndaquil,Fire,Fire Mouse Pokemon,0.5,7.9,45.0,50.0,62.0,39,52,43,60,50,65
Noibat,"Flying, Dragon",Sound Wave Pokemon,0.5,8.0,190.0,50.0,49.0,40,30,35,45,40,55
Clauncher,Water,Water Gun Pokemon,0.5,8.3,225.0,50.0,66.0,50,53,62,58,63,44
Cubchoo,Ice,Chill Pokemon,0.5,8.5,120.0,50.0,61.0,55,70,40,60,40,40
Elgyem,Psychic,Cerebral Pokemon,0.5,9.0,255.0,50.0,67.0,55,55,55,85,55,30
Hoopa Confined,"Psychic, Ghost",Mischief Pokemon,0.5,9.0,3.0,100.0,300.0,80,110,60,150,130,70
Nidoran? (male) Nidoran?,Poison,Poison Pin Pokemon,0.5,9.0,235.0,50.0,55.0,46,57,40,40,40,50
Cherrim,Grass,Blossom Pokemon,0.5,9.3,75.0,50.0,158.0,70,60,70,87,78,85
Archen,"Rock, Flying",First Bird Pokemon,0.5,9.5,45.0,50.0,71.0,55,112,45,74,45,70
Lechonk,Normal,Hog Pokemon,0.5,10.2,255.0,50.0,51.0,54,45,40,35,45,35
Pawniard,"Dark, Steel",Sharp Blade Pokemon,0.5,10.2,120.0,35.0,68.0,45,85,70,40,40,60
Charjabug,"Bug, Electric",Battery Pokemon,0.5,10.5,120.0,50.0,140.0,57,82,95,55,75,36
Kabuto,"Rock, Water",Shellfish Pokemon,0.5,11.5,45.0,50.0,71.0,30,80,90,55,45,55
Patrat,Normal,Scout Pokemon,0.5,11.6,255.0,50.0,51.0,45,55,39,35,39,42
Chinchou,"Water, Electric",Angler Pokemon,0.5,12.0,190.0,50.0,66.0,75,38,38,56,56,67
Dachsbun,Fairy,Dog Pokemon,0.5,14.9,90.0,50.0,167.0,57,80,115,50,80,95
Bonsly,Rock,Bonsai Pokemon,0.5,15.0,255.0,50.0,58.0,50,80,95,10,45,10
Maschiff,Dark,Rascal Pokemon,0.5,16.0,150.0,50.0,68.0,60,78,60,40,51,51
Frigibax,"Dragon, Ice",Ice Fin Pokemon,0.5,17.0,45.0,50.0,64.0,65,75,45,35,45,55
Bidoof,Normal,Plump Mouse Pokemon,0.5,20.0,255.0,50.0,50.0,59,45,40,35,40,31
Baltoy,"Ground, Psychic",Clay Doll Pokemon,0.5,21.5,255.0,50.0,60.0,40,40,55,40,70,55
Mankey,Fighting,Pig Monkey Pokemon,0.5,28.0,190.0,50.0,61.0,40,80,35,35,45,70
Binacle,"Rock, Water",Two-Handed Pokemon,0.5,31.0,120.0,50.0,61.0,42,52,67,39,56,50
Linoone,Normal,Rushing Pokemon,0.5,32.5,90.0,50.0,147.0,78,70,61,50,61,100
Galarian Linoone,"Dark, Normal",Rushing Pokemon,0.5,32.5,90.0,50.0,147.0,78,70,61,50,61,100
Phanpy,Ground,Long Nose Pokemon,0.5,33.5,120.0,50.0,66.0,90,60,60,40,40,40
Bronzor,"Steel, Psychic",Bronze Pokemon,0.5,60.5,255.0,50.0,60.0,57,24,86,24,86,23
Galarian Corsola,Ghost,Coral Pokemon,0.6,0.5,60.0,50.0,144.0,60,55,100,65,100,30
Bramblin,"Grass, Ghost",Tumbleweed Pokemon,0.6,0.6,190.0,50.0,55.0,40,65,30,45,35,60
Chimecho,Psychic,Wind Chime Pokemon,0.6,1.0,45.0,50.0,159.0,75,50,80,95,90,65
Koffing,Poison,Poison Gas Pokemon,0.6,1.0,190.0,50.0,68.0,40,65,95,60,45,35
Poipole,Poison,Poison Pin Pokemon,0.6,1.8,45.0,0.0,189.0,67,73,67,73,67,73
Oricorio Baile Style,"Fire, Flying",Dancing Pokemon,0.6,3.4,45.0,50.0,167.0,75,70,70,98,70,93
Oricorio Pom-Pom Style,"Electric, Flying",Dancing Pokemon,0.6,3.4,45.0,50.0,167.0,75,70,70,98,70,93
Oricorio Pa'u Style,"Psychic, Flying",Dancing Pokemon,0.6,3.4,45.0,50.0,167.0,75,70,70,98,70,93
Oricorio Sensu Style,"Ghost, Flying",Dancing Pokemon,0.6,3.4,45.0,50.0,167.0,75,70,70,98,70,93
Clobbopus,Fighting,Tantrum Pokemon,0.6,4.0,180.0,50.0,62.0,50,68,60,50,50,32
Hattrem,Psychic,Serene Pokemon,0.6,4.8,120.0,50.0,130.0,57,40,65,86,73,49
Celebi,"Psychic, Grass",Time Travel Pokemon,0.6,5.0,45.0,100.0,270.0,100,100,100,100,100,100
Corsola,"Water, Rock",Coral Pokemon,0.6,5.0,60.0,50.0,144.0,65,55,95,65,95,35
Greedent,Normal,Greedy Pokemon,0.6,6.0,90.0,50.0,161.0,120,95,95,55,75,20
Meloetta Aria Forme,"Normal, Psychic",Melody Pokemon,0.6,6.5,3.0,100.0,300.0,100,77,77,128,128,90
Meloetta Pirouette Forme,"Normal, Fighting",Melody Pokemon,0.6,6.5,3.0,100.0,300.0,100,128,90,77,77,128
Crabrawler,Fighting,Boxing Pokemon,0.6,7.0,225.0,50.0,68.0,47,82,57,42,47,63
Pineco,Bug,Bagworm Pokemon,0.6,7.2,190.0,50.0,58.0,50,65,90,35,35,15
Feebas,Water,Fish Pokemon,0.6,7.4,255.0,50.0,40.0,20,15,20,10,55,80
Clefairy,Fairy,Fairy Pokemon,0.6,7.5,150.0,140.0,113.0,70,45,48,60,65,35
Mareep,Electric,Wool Pokemon,0.6,7.8,235.0,50.0,56.0,55,40,40,65,45,35
Duosion,Psychic,Mitosis Pokemon,0.6,8.0,100.0,50.0,130.0,65,40,50,125,60,30
Pancham,Fighting,Playful Pokemon,0.6,8.0,220.0,50.0,70.0,67,82,62,46,48,43
Charmander,Fire,Lizard Pokemon,0.6,8.5,45.0,50.0,62.0,39,52,43,60,50,65
Meowstic Male,Psychic,Constraint Pokemon,0.6,8.5,75.0,50.0,163.0,74,48,76,83,81,104
Meowstic Female,Psychic,Constraint Pokemon,0.6,8.5,75.0,50.0,163.0,74,48,76,83,81,104
Luvdisc,Water,Rendezvous Pokemon,0.6,8.7,225.0,50.0,116.0,43,30,55,40,65,97
Nickit,Dark,Fox Pokemon,0.6,8.9,255.0,50.0,49.0,40,28,28,47,52,50
Kakuna,"Bug, Poison",Cocoon Pokemon,0.6,10.0,120.0,50.0,72.0,45,25,50,25,25,35
Amoonguss,"Grass, Poison",Mushroom Pokemon,0.6,10.5,75.0,50.0,162.0,114,85,70,85,80,30
Charcadet,Fire,Fire Child Pokemon,0.6,10.5,90.0,50.0,51.0,40,50,40,50,40,35
Pansage,Grass,Grass Monkey Pokemon,0.6,10.5,190.0,50.0,63.0,50,53,48,53,48,64
Houndour,"Dark, Fire",Dark Pokemon,0.6,10.8,120.0,35.0,66.0,45,60,30,80,50,65
Frogadier,Water,Bubble Frog Pokemon,0.6,10.9,45.0,50.0,142.0,54,63,52,83,56,97
Iron Bundle,"Ice, Water",Paradox Pokemon,0.6,11.0,50.0,0.0,285.0,56,80,114,124,60,136
Pansear,Fire,High Temp Pokemon,0.6,11.0,190.0,50.0,63.0,50,53,48,53,48,64
Meditite,"Fighting, Psychic",Meditate Pokemon,0.6,11.2,180.0,50.0,56.0,30,40,55,40,55,60
Corphish,Water,Ruffian Pokemon,0.6,11.5,205.0,50.0,62.0,43,80,65,50,35,35
Mawile,"Steel, Fairy",Deceiver Pokemon,0.6,11.5,45.0,50.0,133.0,50,85,85,55,55,50
Dolliv,"Grass, Normal",Olive Pokemon,0.6,11.9,120.0,50.0,124.0,52,53,60,78,78,33
Kubfu,Fighting,Wushu Pokemon,0.6,12.0,3.0,50.0,77.0,60,90,60,53,50,72
Poliwag,Water,Tadpole Pokemon,0.6,12.4,255.0,50.0,60.0,40,50,40,40,40,90
Lampent,"Ghost, Fire",Lamp Pokemon,0.6,13.0,90.0,50.0,130.0,60,40,60,95,60,55
Mime Jr.,"Psychic, Fairy",Mime Pokemon,0.6,13.0,145.0,50.0,62.0,20,25,45,70,90,60
Litleo,"Fire, Normal",Lion Cub Pokemon,0.6,13.5,220.0,50.0,74.0,62,50,58,73,54,72
Panpour,Water,Spray Pokemon,0.6,13.5,190.0,50.0,63.0,50,53,48,53,48,64
Goldeen,Water,Goldfish Pokemon,0.6,15.0,225.0,50.0,64.0,45,67,60,35,50,63
Electrike,Electric,Lightning Pokemon,0.6,15.2,120.0,50.0,59.0,40,45,40,65,40,65
Brionne,Water,Pop Star Pokemon,0.6,17.5,45.0,50.0,147.0,60,69,69,91,81,50
Illumise,Bug,Firefly Pokemon,0.6,17.7,150.0,50.0,151.0,65,47,75,73,85,85
Axew,Dragon,Tusk Pokemon,0.6,18.0,75.0,35.0,64.0,46,87,60,30,40,57
Ferroseed,"Grass, Steel",Thorn Seed Pokemon,0.6,18.8,255.0,50.0,61.0,44,50,91,24,86,10
Deerling,"Normal, Grass",Season Pokemon,0.6,19.5,190.0,50.0,67.0,60,60,50,40,50,75
Munna,Psychic,Dream Eater Pokemon,0.6,23.3,190.0,50.0,58.0,76,25,45,67,55,24
Elekid,Electric,Electric Pokemon,0.6,23.5,45.0,50.0,72.0,45,63,37,65,55,95
Happiny,Normal,Playhouse Pokemon,0.6,24.4,130.0,140.0,110.0,100,5,5,15,65,30
Jangmo-o,Dragon,Scaly Pokemon,0.6,29.7,45.0,50.0,60.0,45,55,65,45,45,45
Greavard,Ghost,Ghost Dog Pokemon,0.6,35.0,120.0,50.0,58.0,50,61,60,30,55,34
Darumaka,Fire,Zen Charm Pokemon,0.6,37.5,120.0,50.0,63.0,70,90,45,15,45,50
Bagon,Dragon,Rock Head Pokemon,0.6,42.1,45.0,35.0,60.0,45,75,60,40,30,50
Klang,Steel,Gear Pokemon,0.6,51.0,60.0,50.0,154.0,60,80,95,70,85,50
Larvitar,"Rock, Ground",Rock Skin Pokemon,0.6,72.0,45.0,35.0,60.0,50,64,50,45,50,41
Klinklang,Steel,Gear Pokemon,0.6,81.0,30.0,50.0,234.0,60,100,115,70,85,90
Beldum,"Steel, Psychic",Iron Ball Pokemon,0.6,95.2,3.0,35.0,60.0,40,55,80,35,60,30
Munchlax,Normal,Big Eater Pokemon,0.6,105.0,50.0,50.0,78.0,135,85,40,40,85,5
Naclstack,Rock,Rock Salt Pokemon,0.6,105.0,120.0,50.0,124.0,60,60,100,35,65,35
Misdreavus,Ghost,Screech Pokemon,0.7,1.0,45.0,35.0,87.0,60,60,60,85,85,85
Bellsprout,"Grass, Poison",Flower Pokemon,0.7,4.0,255.0,50.0,60.0,50,75,35,70,30,40
Bulbasaur,"Grass, Poison",Seed Pokemon,0.7,6.9,45.0,50.0,64.0,45,49,49,65,65,45
Glimmet,"Rock, Poison",Ore Pokemon,0.7,8.0,70.0,50.0,70.0,48,35,42,105,60,60
Diancie,"Rock, Fairy",Jewel Pokemon,0.7,8.8,3.0,50.0,300.0,50,100,150,100,150,50
Gourgeist Small Size,"Ghost, Grass",Pumpkin Pokemon,0.7,9.5,60.0,50.0,173.0,55,85,122,58,75,99
Metapod,Bug,Cocoon Pokemon,0.7,9.9,120.0,50.0,72.0,50,20,55,25,25,30
Cascoon,Bug,Cocoon Pokemon,0.7,11.5,120.0,50.0,72.0,50,35,55,25,25,15
Drizzile,Water,Water lizard Pokemon,0.7,11.5,45.0,50.0,147.0,65,60,55,95,55,90
Anorith,"Rock, Bug",Old Shrimp Pokemon,0.7,12.5,45.0,50.0,71.0,45,95,50,40,50,75
Gumshoos,Normal,Stakeout Pokemon,0.7,14.2,127.0,50.0,146.0,88,110,60,55,60,45
Dartrix,"Grass, Flying",Blade Quill Pokemon,0.7,16.0,45.0,50.0,147.0,78,75,75,70,70,52
Fletchinder,"Fire, Flying",Ember Pokemon,0.7,16.0,120.0,50.0,134.0,62,73,55,56,52,84
Gothorita,Psychic,Manipulate Pokemon,0.7,18.0,100.0,50.0,137.0,60,45,70,75,85,55
Growlithe,Fire,Puppy Pokemon,0.7,19.0,190.0,50.0,70.0,55,70,45,70,50,60
Gible,"Dragon, Ground",Land Shark Pokemon,0.7,20.5,45.0,50.0,60.0,58,70,45,40,45,42
Hoothoot,"Normal, Flying",Owl Pokemon,0.7,21.2,255.0,50.0,52.0,60,30,30,36,56,50
Magby,Fire,Live Coal Pokemon,0.7,21.4,45.0,50.0,73.0,45,75,37,70,55,83
Marshadow,"Fighting, Ghost",Gloomdweller Pokemon,0.7,22.2,3.0,0.0,270.0,90,125,80,90,90,125
Croagunk,"Poison, Fighting",Toxic Mouth Pokemon,0.7,23.0,140.0,100.0,60.0,48,61,40,61,40,50
Numel,"Fire, Ground",Numb Pokemon,0.7,24.0,255.0,50.0,61.0,60,60,40,65,45,35
Grafaiai,"Poison, Normal",Toxic Monkey Pokemon,0.7,27.2,90.0,50.0,170.0,63,95,65,80,72,110
Marshtomp,"Water, Ground",Mud Fish Pokemon,0.7,28.0,45.0,50.0,142.0,70,85,70,60,70,50
Buizel,Water,Sea Weasel Pokemon,0.7,29.5,190.0,50.0,66.0,55,65,35,60,30,85
Dugtrio,Ground,Mole Pokemon,0.7,33.3,50.0,50.0,149.0,35,100,50,50,70,120
Galarian Darumaka,Ice,Zen Charm Pokemon,0.7,40.0,120.0,50.0,63.0,70,90,45,15,45,50
Excadrill,"Ground, Steel",Subterrene Pokemon,0.7,40.4,60.0,50.0,178.0,110,135,60,50,65,88
Alolan Grimer,"Poison, Dark",Sludge Pokemon,0.7,42.0,190.0,50.0,65.0,80,80,50,40,50,25
Alolan Dugtrio,"Ground, Steel",Mole Pokemon,0.7,66.6,50.0,50.0,149.0,35,100,60,50,70,110
Honedge,"Steel, Ghost",Sword Pokemon,0.8,2.0,180.0,50.0,65.0,45,80,100,35,37,28
Jumpluff,"Grass, Flying",Cottonweed Pokemon,0.8,3.0,45.0,50.0,230.0,75,55,70,55,95,110
Masquerain,"Bug, Flying",Eyeball Pokemon,0.8,3.6,75.0,50.0,159.0,70,60,62,100,82,80
Doublade,"Steel, Ghost",Sword Pokemon,0.8,4.5,90.0,50.0,157.0,59,110,150,45,49,35
Gloom,"Grass, Poison",Weed Pokemon,0.8,8.6,120.0,50.0,138.0,60,65,70,85,75,40
Aipom,Normal,Long Tail Pokemon,0.8,11.5,45.0,50.0,72.0,55,70,55,40,55,85
Ninjask,"Bug, Flying",Ninja Pokemon,0.8,12.0,120.0,50.0,160.0,61,90,45,50,50,160
Morgrem,"Dark, Fairy",Devious Pokemon,0.8,12.5,120.0,50.0,130.0,65,60,45,75,55,70
Flaaffy,Electric,Wool Pokemon,0.8,13.3,120.0,50.0,128.0,70,55,55,80,60,45
Galvantula,"Bug, Electric",EleSpider Pokemon,0.8,14.3,75.0,50.0,165.0,70,77,60,97,60,108
Duskull,Ghost,Requiem Pokemon,0.8,15.0,190.0,35.0,59.0,20,40,90,30,90,25
Farfetch'd,"Normal, Flying",Wild Duck Pokemon,0.8,15.0,45.0,50.0,132.0,52,90,55,58,62,60
Aromatisse,Fairy,Fragrance Pokemon,0.8,15.5,140.0,50.0,162.0,101,72,72,99,89,29
Corvisquire,Flying,Raven Pokemon,0.8,16.0,120.0,50.0,128.0,68,67,55,43,55,77
Palpitoad,"Water, Ground",Vibration Pokemon,0.8,17.0,120.0,50.0,134.0,75,65,55,65,55,69
Deino,"Dark, Dragon",Irate Pokemon,0.8,17.3,45.0,35.0,60.0,52,65,50,45,50,38
Cramorant,"Flying, Water",Gulp Pokemon,0.8,18.0,45.0,50.0,166.0,70,85,55,85,95,85
Machop,Fighting,Superpower Pokemon,0.8,19.5,180.0,50.0,61.0,70,80,50,35,35,35
Nidorina,Poison,Poison Pin Pokemon,0.8,20.0,120.0,50.0,128.0,70,62,67,55,55,56
Kirlia,"Psychic, Fairy",Emotion Pokemon,0.8,20.2,120.0,35.0,97.0,38,35,35,65,55,50
Carvanha,"Water, Dark",Savage Pokemon,0.8,20.8,225.0,35.0,61.0,45,90,20,65,20,65
Hawlucha,"Fighting, Flying",Wrestling Pokemon,0.8,21.5,100.0,50.0,175.0,78,92,75,74,63,118
Hisuian Growlithe,"Fire, Rock",Scout Pokemon,0.8,22.7,190.0,50.0,70.0,60,75,45,65,50,55
Dewott,Water,Discipline Pokemon,0.8,24.5,45.0,50.0,145.0,75,75,60,83,60,60
Jolteon,Electric,Lightning Pokemon,0.8,24.5,45.0,50.0,184.0,65,65,60,110,95,130
Lycanroc Midday Form,Rock,Wolf Pokemon,0.8,25.0,90.0,50.0,170.0,75,115,65,55,65,112
Lycanroc Dusk Form,Rock,Wolf Pokemon,0.8,25.0,90.0,50.0,170.0,75,117,65,55,65,110
Accelgor,Bug,Shell Out Pokemon,0.8,25.3,75.0,50.0,173.0,80,70,40,100,60,145
Glaceon,Ice,Fresh Snow Pokemon,0.8,25.9,45.0,35.0,184.0,65,60,110,130,95,65
Perrserker,Steel,Viking Pokemon,0.8,28.0,90.0,50.0,154.0,70,110,100,50,60,50
Azumarill,"Water, Fairy",Aqua Rabbit Pokemon,0.8,28.5,75.0,50.0,210.0,100,50,80,60,80,50
Blitzle,Electric,Electrified Pokemon,0.8,29.8,190.0,50.0,59.0,45,60,32,50,32,76
Arctibax,"Dragon, Ice",Ice Fin Pokemon,0.8,30.0,25.0,50.0,148.0,90,95,66,45,65,62
Galarian Farfetch'd,Fighting,Wild Duck Pokemon,0.8,42.0,45.0,50.0,132.0,52,95,55,58,62,55
Hippopotas,Ground,Hippo Pokemon,0.8,49.5,140.0,50.0,66.0,68,72,78,38,42,32
Magcargo,"Fire, Rock",Lava Pokemon,0.8,55.0,75.0,50.0,151.0,60,50,120,90,80,30
Mismagius,Ghost,Magical Pokemon,0.9,4.4,45.0,35.0,173.0,60,60,60,105,105,105
Chikorita,Grass,Leaf Pokemon,0.9,6.4,45.0,50.0,64.0,45,49,65,49,65,45
Magikarp,Water,Fish Pokemon,0.9,10.0,255.0,50.0,40.0,20,10,55,15,20,80
Floragato,Grass,Grass Cat Pokemon,0.9,12.2,45.0,50.0,144.0,61,80,63,60,63,83
Gourgeist Average Size,"Ghost, Grass",Pumpkin Pokemon,0.9,12.5,60.0,50.0,173.0,65,90,122,58,75,84
Herdier,Normal,Loyal Dog Pokemon,0.9,14.7,120.0,50.0,130.0,65,80,65,35,65,60
Delibird,"Ice, Flying",Delivery Pokemon,0.9,16.0,45.0,50.0,116.0,45,55,45,65,45,75
Lurantis,Grass,Bloom Sickle Pokemon,0.9,18.5,75.0,50.0,168.0,70,105,90,80,90,45
Bruxish,"Water, Psychic",Gnash Teeth Pokemon,0.9,19.0,80.0,50.0,166.0,68,105,70,70,70,92
Abra,Psychic,Psi Pokemon,0.9,19.5,200.0,50.0,62.0,25,20,15,105,55,90
Combusken,"Fire, Fighting",Young Fowl Pokemon,0.9,19.5,45.0,50.0,142.0,60,85,60,85,60,55
Nidorino,Poison,Poison Pin Pokemon,0.9,19.5,120.0,50.0,128.0,61,72,57,55,55,65
Mienfoo,Fighting,Martial Arts Pokemon,0.9,20.0,180.0,50.0,70.0,45,85,50,55,50,65
Grovyle,Grass,Wood Gecko Pokemon,0.9,21.6,45.0,50.0,142.0,50,65,45,85,65,95
Monferno,"Fire, Fighting",Playful Pokemon,0.9,22.0,45.0,50.0,142.0,64,78,52,78,52,81
Mothim,"Bug, Flying",Moth Pokemon,0.9,23.3,45.0,50.0,148.0,70,94,50,94,50,66
Flareon,Fire,Flame Pokemon,0.9,25.0,45.0,50.0,184.0,65,130,60,95,110,65
Espeon,Psychic,Sun Pokemon,0.9,26.5,45.0,50.0,184.0,65,65,60,130,95,110
Honchkrow,"Dark, Flying",Big Boss Pokemon,0.9,27.3,30.0,35.0,177.0,100,125,52,105,52,71
Indeedee Male,"Psychic, Normal",Emotion Pokemon,0.9,28.0,30.0,140.0,166.0,60,65,55,105,95,95
Indeedee Female,"Psychic, Normal",Emotion Pokemon,0.9,28.0,30.0,140.0,166.0,70,55,65,95,105,85
Octillery,Water,Jet Pokemon,0.9,28.5,75.0,50.0,168.0,75,105,75,105,75,45
Gastrodon,"Water, Ground",Sea Slug Pokemon,0.9,29.9,75.0,50.0,166.0,111,83,68,92,82,39
Grimer,Poison,Sludge Pokemon,0.9,30.0,190.0,50.0,65.0,80,80,50,40,50,25
Luxio,Electric,Spark Pokemon,0.9,30.5,120.0,100.0,127.0,60,85,49,60,49,60
Cranidos,Rock,Head Butt Pokemon,0.9,31.5,45.0,50.0,70.0,67,125,40,30,30,58
Pawmot,"Electric, Fighting",Hands-On Pokemon,0.9,41.0,45.0,50.0,245.0,70,115,70,70,60,105
Grumpig,Psychic,Manipulate Pokemon,0.9,71.5,60.0,50.0,165.0,80,45,65,90,110,80
Boldore,Rock,Ore Pokemon,0.9,102.0,120.0,50.0,137.0,70,105,105,50,40,20
Lairon,"Steel, Rock",Iron Armor Pokemon,0.9,120.0,90.0,35.0,151.0,60,90,140,50,50,40
Iron Treads,"Ground, Steel",Paradox Pokemon,0.9,240.0,30.0,0.0,285.0,90,112,120,72,70,106
Cursola,Ghost,Coral Pokemon,1.0,0.4,30.0,50.0,179.0,60,95,50,145,130,30
Ledyba,"Bug, Flying",Five Star Pokemon,1.0,10.8,255.0,50.0,53.0,40,20,30,40,80,55
Munkidori,"Poison, Psychic",Retainer Pokemon,1.0,12.2,3.0,50.0,64.0,88,75,66,130,90,106
Ivysaur,"Grass, Poison",Seed Pokemon,1.0,13.0,45.0,50.0,142.0,60,62,63,80,80,60
Braixen,Fire,Fox Pokemon,1.0,14.5,45.0,50.0,143.0,59,59,58,90,70,73
Lokix,"Bug, Dark",Grasshopper Pokemon,1.0,17.5,30.0,0.0,158.0,71,102,78,52,55,92
Basculin Red-Striped Form,Water,Hostile Pokemon,1.0,18.0,25.0,50.0,161.0,70,92,65,80,55,98
Basculin Blue-Striped Form,Water,Hostile Pokemon,1.0,18.0,25.0,50.0,161.0,70,92,65,80,55,98
Basculin White-Striped Form,Water,Mellow Pokemon,1.0,18.0,25.0,50.0,161.0,70,92,65,80,55,98
Poliwhirl,Water,Tadpole Pokemon,1.0,20.0,120.0,50.0,135.0,65,65,65,50,50,90
Heliolisk,"Electric, Normal",Generator Pokemon,1.0,21.0,75.0,50.0,168.0,62,55,52,109,94,109
Kecleon,Normal,Color Swap Pokemon,1.0,22.0,200.0,50.0,154.0,60,90,70,60,120,40
Mega Mawile,"Steel, Fairy",Deceiver Pokemon,1.0,23.5,45.0,50.0,168.0,50,105,125,55,95,50
Lileep,"Rock, Grass",Sea Lily Pokemon,1.0,23.8,45.0,50.0,71.0,66,41,77,61,87,23
Kricketune,Bug,Cricket Pokemon,1.0,25.5,45.0,50.0,134.0,77,85,51,55,51,65
Leafeon,Grass,Verdant Pokemon,1.0,25.5,45.0,35.0,184.0,65,110,130,60,65,95
Maractus,Grass,Cactus Pokemon,1.0,28.0,255.0,50.0,161.0,75,86,67,106,67,60
Nuzleaf,"Grass, Dark",Wily Pokemon,1.0,28.0,120.0,50.0,119.0,70,70,40,60,40,60
Beautifly,"Bug, Flying",Butterfly Pokemon,1.0,28.4,45.0,50.0,178.0,60,70,50,100,50,65
Beedrill,"Bug, Poison",Poison Bee Pokemon,1.0,29.5,45.0,50.0,178.0,65,90,40,45,80,75
Parasect,"Bug, Grass",Mushroom Pokemon,1.0,29.5,75.0,50.0,142.0,60,95,80,60,80,30
Crocalor,Fire,Fire Croc Pokemon,1.0,30.7,45.0,50.0,144.0,81,55,78,90,58,49
Bibarel,"Normal, Water",Beaver Pokemon,1.0,31.5,127.0,50.0,144.0,79,85,60,55,60,71
Persian,Normal,Classy Cat Pokemon,1.0,32.0,90.0,50.0,154.0,65,70,60,65,65,115
Drowzee,Psychic,Hypnosis Pokemon,1.0,32.4,190.0,50.0,66.0,60,48,45,43,90,42
Escavalier,"Bug, Steel",Cavalry Pokemon,1.0,33.0,75.0,50.0,173.0,70,135,105,60,105,20
Krokorok,"Ground, Dark",Desert Croc Pokemon,1.0,33.4,90.0,50.0,123.0,60,82,45,45,45,74
Boltund,Electric,Dog Pokemon,1.0,34.0,45.0,50.0,172.0,69,90,60,90,60,121
Alolan Marowak,"Fire, Ghost",Bone Keeper Pokemon,1.0,34.0,75.0,50.0,149.0,60,80,110,50,80,45
Chandelure,"Ghost, Fire",Luring Pokemon,1.0,34.3,45.0,50.0,234.0,60,55,90,145,90,80
Beheeyem,Psychic,Cerebral Pokemon,1.0,34.5,90.0,50.0,170.0,75,75,75,125,95,40
Omastar,"Rock, Water",Spiral Pokemon,1.0,35.0,45.0,50.0,173.0,70,60,125,115,70,55
Fraxure,Dragon,Axe Jaw Pokemon,1.0,36.0,60.0,35.0,144.0,66,117,70,40,50,67
Mightyena,Dark,Bite Pokemon,1.0,37.0,127.0,50.0,147.0,70,90,70,60,60,70
Loudred,Normal,Big Voice Pokemon,1.0,40.5,120.0,50.0,126.0,84,71,43,71,43,48
Diggersby,"Normal, Ground",Digging Pokemon,1.0,42.4,127.0,50.0,148.0,85,56,77,50,77,78
Marowak,Ground,Bone Keeper Pokemon,1.0,45.0,75.0,50.0,149.0,60,80,110,50,80,45
Alolan Muk,"Poison, Dark",Sludge Pokemon,1.0,52.0,75.0,50.0,175.0,105,105,75,65,100,50
Pignite,"Fire, Fighting",Fire Pig Pokemon,1.0,55.5,45.0,50.0,146.0,90,93,55,70,55,55
Magneton,"Electric, Steel",Magnet Pokemon,1.0,60.0,60.0,50.0,163.0,50,60,95,120,70,70
Mantyke,"Water, Flying",Kite Pokemon,1.0,65.0,25.0,50.0,69.0,45,20,50,60,120,50
Magearna,"Steel, Fairy",Artificial Pokemon,1.0,80.5,3.0,0.0,300.0,80,95,115,130,115,65
Makuhita,Fighting,Guts Pokemon,1.0,86.4,180.0,50.0,47.0,72,60,30,20,30,25
Golett,"Ground, Ghost",Automaton Pokemon,1.0,92.0,190.0,50.0,61.0,59,74,50,35,50,35
Nosepass,Rock,Compass Pokemon,1.0,97.0,255.0,50.0,75.0,30,45,135,45,90,30
Bergmite,Ice,Ice Chunk Pokemon,1.0,99.5,190.0,50.0,61.0,55,69,85,32,35,28
Graveler,"Rock, Ground",Rock Pokemon,1.0,105.0,120.0,50.0,137.0,55,95,115,45,45,35
Ferrothorn,"Grass, Steel",Thorn Pod Pokemon,1.0,110.0,90.0,50.0,171.0,74,94,131,54,116,20
Alolan Graveler,"Rock, Electric",Rock Pokemon,1.0,110.0,120.0,50.0,137.0,55,95,115,45,45,35
Mudbray,Ground,Donkey Pokemon,1.0,110.0,190.0,50.0,77.0,70,100,70,45,55,45
Drednaw,"Water, Rock",Bite Pokemon,1.0,115.5,75.0,50.0,170.0,90,115,90,48,68,74
Oinkologne Male,Normal,Hog Pokemon,1.0,120.0,100.0,50.0,171.0,110,100,75,59,80,65
Oinkologne Female,Normal,Hog Pokemon,1.0,120.0,100.0,50.0,171.0,115,90,70,59,90,65
Lunatone,"Rock, Psychic",Meteorite Pokemon,1.0,168.0,45.0,50.0,161.0,90,55,65,95,85,70
Calyrex,"Psychic, Grass",King Pokemon,1.1,7.7,3.0,100.0,250.0,100,80,80,80,80,80
Florges,Fairy,Garden Pokemon,1.1,10.0,45.0,50.0,276.0,78,65,68,112,154,75
Banette,Ghost,Marionette Pokemon,1.1,12.5,45.0,35.0,159.0,64,115,65,83,63,65
Gourgeist Large Size,"Ghost, Grass",Pumpkin Pokemon,1.1,14.0,60.0,50.0,173.0,75,95,122,58,75,69
Lilligant,Grass,Flowering Pokemon,1.1,16.3,75.0,50.0,168.0,70,60,75,110,75,90
Charmeleon,Fire,Flame Pokemon,1.1,19.0,45.0,50.0,142.0,58,64,58,80,65,80
Ninetales,Fire,Fox Pokemon,1.1,19.9,75.0,50.0,177.0,73,76,75,81,100,100
Alolan Ninetales,"Ice, Fairy",Fox Pokemon,1.1,19.9,75.0,50.0,177.0,73,67,75,81,100,109
Altaria,"Dragon, Flying",Humming Pokemon,1.1,20.6,45.0,50.0,172.0,75,70,90,70,105,80
Croconaw,Water,Big Jaw Pokemon,1.1,25.0,45.0,50.0,142.0,65,80,80,59,63,58
Lycanroc Midnight Form,Rock,Wolf Pokemon,1.1,25.0,90.0,50.0,170.0,85,115,75,55,75,82
Mega Diancie,"Rock, Fairy",Jewel Pokemon,1.1,27.8,3.0,50.0,315.0,50,160,110,160,110,110
Larvesta,"Bug, Fire",Torch Pokemon,1.1,28.8,45.0,50.0,72.0,55,85,55,50,55,60
Electabuzz,Electric,Electric Pokemon,1.1,30.0,45.0,50.0,172.0,65,83,57,95,85,105
Pidgeotto,"Normal, Flying",Bird Pokemon,1.1,30.0,120.0,50.0,122.0,63,60,55,50,50,71
Audino,Normal,Hearing Pokemon,1.1,31.0,255.0,50.0,390.0,103,60,86,60,86,50
Butterfree,"Bug, Flying",Butterfly Pokemon,1.1,32.0,45.0,50.0,178.0,60,45,50,90,80,70
Delcatty,Normal,Prim Pokemon,1.1,32.6,60.0,50.0,140.0,70,65,65,55,55,90
Crawdaunt,"Water, Dark",Rogue Pokemon,1.1,32.8,155.0,50.0,164.0,63,120,85,90,55,55
Alolan Persian,Dark,Classy Cat Pokemon,1.1,33.0,90.0,50.0,154.0,65,60,60,75,65,115
Ariados,"Bug, Poison",Long Leg Pokemon,1.1,33.5,90.0,50.0,140.0,70,90,70,60,70,40
Floatzel,Water,Sea Weasel Pokemon,1.1,33.5,75.0,50.0,173.0,85,105,55,85,50,115
Politoed,Water,Frog Pokemon,1.1,33.9,45.0,50.0,225.0,90,75,75,90,100,70
Chansey,Normal,Egg Pokemon,1.1,34.6,30.0,140.0,395.0,250,5,5,35,105,50
Liepard,Dark,Cruel Pokemon,1.1,37.5,90.0,50.0,156.0,64,88,50,88,50,106
Piloswine,"Ice, Ground",Swine Pokemon,1.1,55.8,75.0,50.0,158.0,100,100,80,60,60,50
Musharna,Psychic,Drowsing Pokemon,1.1,60.5,75.0,50.0,170.0,116,55,85,107,95,29
Mabosstiff,Dark,Boss Pokemon,1.1,61.0,75.0,50.0,177.0,80,120,90,60,70,85
Gligar,"Ground, Flying",FlyScorpion Pokemon,1.1,64.8,60.0,50.0,86.0,65,75,105,35,65,85
Carkol,"Rock, Fire",Coal Pokemon,1.1,78.0,120.0,50.0,144.0,80,60,90,60,70,50
Grotle,Grass,Grove Pokemon,1.1,97.0,45.0,50.0,142.0,75,89,85,55,65,36
Donphan,Ground,Armor Pokemon,1.1,120.0,60.0,50.0,175.0,90,120,120,60,60,50
Cryogonal,Ice,Crystallizing Pokemon,1.1,148.0,25.0,50.0,180.0,80,50,50,95,135,105
Brambleghast,"Grass, Ghost",Tumbleweed Pokemon,1.2,6.0,45.0,50.0,168.0,55,115,70,80,70,90
Mega Banette,Ghost,Marionette Pokemon,1.2,13.0,45.0,35.0,194.0,64,165,75,93,83,75
Drifblim,"Ghost, Flying",Blimp Pokemon,1.2,15.0,60.0,50.0,174.0,150,80,44,90,54,80
Bayleef,Grass,Leaf Pokemon,1.2,15.8,45.0,50.0,142.0,60,62,80,63,80,60
Hisuian Lilligant,"Grass, Fighting",Spinning Pokemon,1.2,19.2,75.0,50.0,168.0,70,105,75,50,75,105
Ambipom,Normal,Long Tail Pokemon,1.2,20.3,45.0,100.0,169.0,75,100,66,60,66,115
Leavanny,"Bug, Grass",Nurturing Pokemon,1.2,20.5,45.0,50.0,225.0,75,103,80,70,80,92
Brute Bonnet,"Grass, Dark",Paradox Pokemon,1.2,21.0,50.0,0.0,285.0,111,127,99,79,99,55
Eelektrik,Electric,EleFish Pokemon,1.2,22.0,60.0,50.0,142.0,65,85,70,75,70,40
Lanturn,"Water, Electric",Light Pokemon,1.2,22.5,75.0,50.0,161.0,125,58,58,76,76,67
Lumineon,Water,Neon Pokemon,1.2,24.0,75.0,50.0,161.0,69,69,76,69,86,91
Furfrou,Normal,Poodle Pokemon,1.2,28.0,160.0,50.0,165.0,75,80,60,65,90,102
Pelipper,"Water, Flying",Water Bird Pokemon,1.2,28.0,45.0,50.0,154.0,60,50,100,95,70,65
Gholdengo,"Steel, Ghost",Coin Entity Pokemon,1.2,30.0,45.0,50.0,275.0,87,60,95,133,91,84
Muk,Poison,Sludge Pokemon,1.2,30.0,75.0,50.0,175.0,105,105,75,65,100,50
Alomomola,Water,Caring Pokemon,1.2,31.6,75.0,50.0,165.0,165,75,80,40,45,65
Dustox,"Bug, Poison",Poison Moth Pokemon,1.2,31.6,45.0,50.0,173.0,60,50,70,50,90,65
Lombre,"Water, Grass",Jolly Pokemon,1.2,32.5,120.0,50.0,119.0,60,50,50,60,70,50
Frillish,"Water, Ghost",Floating Pokemon,1.2,33.0,190.0,50.0,67.0,55,40,50,65,85,40
Lopunny,Normal,Rabbit Pokemon,1.2,33.3,60.0,140.0,168.0,65,76,84,54,96,105
Iron Moth,"Fire, Poison",Paradox Pokemon,1.2,36.0,30.0,0.0,285.0,80,70,60,140,110,110
Fearow,"Normal, Flying",Beak Pokemon,1.2,38.0,90.0,50.0,155.0,65,90,65,61,61,100
Breloom,"Grass, Fighting",Mushroom Pokemon,1.2,39.2,90.0,50.0,161.0,60,130,80,60,60,70
Mandibuzz,"Dark, Flying",Bone Vulture Pokemon,1.2,39.5,60.0,35.0,179.0,110,65,105,55,95,80
Ogerpon Teal Mask,Grass,Mask Pokemon,1.2,39.8,5.0,50.0,64.0,80,120,84,60,96,110
Ogerpon Wellspring Mask,"Grass, Water",Mask Pokemon,1.2,39.8,5.0,50.0,64.0,80,120,84,60,96,110
Ogerpon Hearthflame Mask,"Grass, Fire",Mask Pokemon,1.2,39.8,5.0,50.0,64.0,80,120,84,60,96,110
Ogerpon Cornerstone Mask,"Grass, Rock",Mask Pokemon,1.2,39.8,5.0,50.0,64.0,80,120,84,60,96,110
Gurdurr,Fighting,Muscular Pokemon,1.2,40.0,90.0,50.0,142.0,85,105,85,40,50,40
Cetoddle,Ice,Terra Whale Pokemon,1.2,45.0,150.0,50.0,67.0,108,68,45,30,40,43
Absol,Dark,Disaster Pokemon,1.2,47.0,30.0,35.0,163.0,65,130,60,75,60,75
Hakamo-o,"Dragon, Fighting",Scaly Pokemon,1.2,47.0,45.0,50.0,147.0,55,75,90,65,70,65
Mega Alakazam,Psychic,Psi Pokemon,1.2,48.0,50.0,50.0,270.0,55,50,65,175,105,150
Mega Absol,Dark,Disaster Pokemon,1.2,49.0,30.0,35.0,198.0,65,150,60,115,60,115
Lucario,"Fighting, Steel",Aura Pokemon,1.2,54.0,45.0,50.0,184.0,70,110,70,115,70,90
Infernape,"Fire, Fighting",Flame Pokemon,1.2,55.0,45.0,50.0,240.0,76,104,71,104,71,108
Nihilego,"Rock, Poison",Parasite Pokemon,1.2,55.5,45.0,0.0,257.0,109,53,47,127,131,103
Annihilape,"Fighting, Ghost",Rage Monkey Pokemon,1.2,56.0,45.0,50.0,268.0,110,115,80,50,90,90
Lickitung,Normal,Licking Pokemon,1.2,65.5,45.0,50.0,77.0,90,55,75,60,75,30
Electrode,Electric,Ball Pokemon,1.2,66.6,60.0,50.0,172.0,60,50,70,80,80,150
Hisuian Electrode,"Electric, Grass",Sphere Pokemon,1.2,71.0,60.0,50.0,172.0,60,50,70,80,80,150
Miltank,Normal,Milk Cow Pokemon,1.2,75.5,45.0,50.0,172.0,95,80,105,40,70,100
Carracosta,"Water, Rock",Prototurtle Pokemon,1.2,81.0,45.0,50.0,173.0,74,108,133,83,65,32
Cufant,Steel,Copperderm Pokemon,1.2,100.0,190.0,50.0,66.0,72,80,49,40,49,40
Bellibolt,Electric,EleFrog Pokemon,1.2,113.0,50.0,50.0,173.0,109,64,91,103,83,45
Forretress,"Bug, Steel",Bagworm Pokemon,1.2,125.8,75.0,50.0,163.0,75,90,140,60,60,40
Magnezone,"Electric, Steel",Magnet Area Pokemon,1.2,180.0,30.0,50.0,268.0,70,70,115,130,90,60
Metang,"Steel, Psychic",Iron Claw Pokemon,1.2,202.5,3.0,35.0,147.0,60,75,100,55,80,50
Gastly,"Ghost, Poison",Gas Pokemon,1.3,0.1,190.0,50.0,62.0,30,35,30,100,35,80
Amaura,"Rock, Ice",Tundra Pokemon,1.3,25.2,45.0,50.0,72.0,77,59,50,67,63,46
Froslass,"Ice, Ghost",Snow Land Pokemon,1.3,26.6,75.0,50.0,168.0,70,80,70,80,70,110
Mega Lopunny,"Normal, Fighting",Rabbit Pokemon,1.3,28.3,60.0,140.0,203.0,65,136,94,54,96,135
Barraskewda,Water,Skewer Pokemon,1.3,30.0,60.0,50.0,172.0,61,123,60,60,50,136
Medicham,"Fighting, Psychic",Meditate Pokemon,1.3,31.5,90.0,50.0,144.0,60,60,75,60,75,80
Mega Medicham,"Fighting, Psychic",Meditate Pokemon,1.3,31.5,90.0,50.0,179.0,60,100,85,80,85,100
Clawitzer,Water,Howitzer Pokemon,1.3,35.3,55.0,50.0,100.0,71,73,88,120,89,59
Clefable,Fairy,Fairy Pokemon,1.3,40.0,25.0,140.0,217.0,95,70,73,95,90,60
Kabutops,"Rock, Water",Shellfish Pokemon,1.3,40.5,45.0,50.0,173.0,60,115,105,65,70,80
Frosmoth,"Ice, Bug",Frost Moth Pokemon,1.3,42.0,75.0,50.0,166.0,70,65,60,125,90,65
Dubwool,Normal,Sheep Pokemon,1.3,43.0,127.0,50.0,172.0,72,80,100,60,90,88
Magmar,Fire,Spitfire Pokemon,1.3,44.5,45.0,50.0,173.0,65,95,57,100,85,93
Poliwrath,"Water, Fighting",Tadpole Pokemon,1.3,54.0,45.0,50.0,230.0,90,95,95,70,90,70
Mr. Mime,"Psychic, Fairy",Barrier Pokemon,1.3,54.5,45.0,50.0,161.0,40,45,65,100,120,90
Kadabra,Psychic,Psi Pokemon,1.3,56.5,100.0,50.0,140.0,40,35,30,120,70,105
Mega Lucario,"Fighting, Steel",Aura Pokemon,1.3,57.5,45.0,50.0,219.0,70,145,88,140,70,112
Kingler,Water,Pincer Pokemon,1.3,60.0,60.0,50.0,166.0,55,130,115,50,50,75
Nidoqueen,"Poison, Ground",Drill Pokemon,1.3,60.0,45.0,50.0,227.0,90,92,87,75,85,76
Finizen,Water,Dolphin Pokemon,1.3,60.2,200.0,50.0,63.0,70,45,40,45,40,75
Palafin Zero Form,Water,Dolphin Pokemon,1.3,60.2,45.0,50.0,160.0,100,70,72,53,62,100
Drapion,"Poison, Dark",Ogre Scorp Pokemon,1.3,61.5,45.0,50.0,175.0,70,90,110,60,75,95
Landorus Therian Forme,"Ground, Flying",Abundance Pokemon,1.3,68.0,3.0,90.0,300.0,89,145,90,105,80,91
Cacturne,"Grass, Dark",Scarecrow Pokemon,1.3,77.4,60.0,35.0,166.0,70,115,60,115,60,55
Klawf,Rock,Ambush Pokemon,1.3,79.0,120.0,50.0,158.0,70,100,115,35,55,75
Darmanitan Standard Mode,Fire,Blazing Pokemon,1.3,92.9,60.0,50.0,168.0,105,140,55,30,55,95
Darmanitan Zen Mode,"Fire, Psychic",Blazing Pokemon,1.3,92.9,60.0,50.0,189.0,105,30,105,140,105,55
Barbaracle,"Rock, Water",Collective Pokemon,1.3,96.0,45.0,50.0,175.0,72,105,115,54,86,68
Iron Jugulis,"Dark, Flying",Paradox Pokemon,1.3,111.0,30.0,0.0,285.0,94,80,86,122,80,108
Bastiodon,"Rock, Steel",Shield Pokemon,1.3,149.5,45.0,50.0,173.0,60,52,168,47,138,30
Bronzong,"Steel, Psychic",Bronze Bell Pokemon,1.3,187.0,90.0,50.0,175.0,67,89,116,79,116,33
Palossand,"Ghost, Ground",Sand Castle Pokemon,1.3,250.0,60.0,50.0,168.0,85,75,110,100,75,35
Flutter Mane,"Ghost, Fairy",Paradox Pokemon,1.4,4.0,30.0,0.0,285.0,55,55,55,135,135,135
Drakloak,"Dragon, Ghost",Caretaker Pokemon,1.4,11.0,45.0,50.0,144.0,68,80,50,60,50,102
Carnivine,Grass,Bug Catcher Pokemon,1.4,27.0,200.0,50.0,159.0,74,100,72,90,72,46
Fezandipiti,"Poison, Fairy",Retainer Pokemon,1.4,30.1,3.0,50.0,64.0,88,91,82,70,125,99
Archeops,"Rock, Flying",First Bird Pokemon,1.4,32.0,45.0,50.0,177.0,75,140,65,112,65,110
Cinderace,Fire,Striker Pokemon,1.4,33.0,45.0,50.0,265.0,80,116,75,65,75,119
Houndoom,"Dark, Fire",Dark Pokemon,1.4,35.0,45.0,35.0,175.0,75,90,50,110,80,95
Iron Valiant,"Fairy, Fighting",Paradox Pokemon,1.4,35.0,10.0,0.0,295.0,74,130,90,120,60,116
Mienshao,Fighting,Martial Arts Pokemon,1.4,35.5,45.0,50.0,179.0,65,125,60,95,60,105
Ledian,"Bug, Flying",Five Star Pokemon,1.4,35.6,90.0,50.0,137.0,55,35,50,55,110,85
Kilowattrel,"Electric, Flying",Frigatebird Pokemon,1.4,38.6,90.0,50.0,172.0,70,70,60,105,60,125
Doduo,"Normal, Flying",Twin Bird Pokemon,1.4,39.2,190.0,50.0,62.0,35,85,45,35,35,75
Latias,"Dragon, Psychic",Eon Pokemon,1.4,40.0,3.0,90.0,270.0,80,80,90,110,130,110
Mega Beedrill,"Bug, Poison",Poison Bee Pokemon,1.4,40.5,45.0,50.0,223.0,65,150,40,15,80,145
Mega Gengar,"Ghost, Poison",Shadow Pokemon,1.4,40.5,45.0,50.0,270.0,60,65,80,170,95,130
Jynx,"Ice, Psychic",Human Shape Pokemon,1.4,40.6,45.0,50.0,159.0,65,50,35,115,95,95
Luxray,Electric,Gleam Eyes Pokemon,1.4,42.0,45.0,50.0,262.0,80,120,79,95,79,70
Hitmontop,Fighting,Handstand Pokemon,1.4,48.0,45.0,50.0,159.0,50,95,95,35,110,70
Arboliva,"Grass, Normal",Olive Pokemon,1.4,48.2,45.0,50.0,255.0,78,69,90,125,109,39
Keldeo Ordinary Form,"Water, Fighting",Colt Pokemon,1.4,48.5,3.0,35.0,261.0,91,72,90,129,90,108
Keldeo Resolute Form,"Water, Fighting",Colt Pokemon,1.4,48.5,3.0,35.0,261.0,91,72,90,129,90,108
Granbull,Fairy,Fairy Pokemon,1.4,48.7,75.0,50.0,158.0,90,120,75,60,60,45
Hitmonchan,Fighting,Punching Pokemon,1.4,50.2,45.0,50.0,159.0,50,105,79,35,110,76
Gabite,"Dragon, Ground",Cave Pokemon,1.4,56.0,45.0,50.0,144.0,68,90,65,50,55,82
Galarian Mr. Mime,"Ice, Psychic",Dancing Pokemon,1.4,56.8,45.0,50.0,161.0,50,65,65,90,90,100
Heatmor,Fire,Anteater Pokemon,1.4,58.0,90.0,50.0,169.0,85,97,66,105,66,65
Ampharos,Electric,Light Pokemon,1.4,61.5,45.0,50.0,255.0,90,75,85,115,90,55
Mega Ampharos,"Electric, Dragon",Light Pokemon,1.4,61.5,45.0,50.0,275.0,90,95,105,165,110,45
Nidoking,"Poison, Ground",Drill Pokemon,1.4,62.0,45.0,50.0,227.0,81,102,77,85,75,85
Conkeldurr,Fighting,Muscular Pokemon,1.4,87.0,45.0,50.0,227.0,105,140,95,55,65,45
Eiscue Ice Face,Ice,Penguin Pokemon,1.4,89.0,60.0,50.0,165.0,75,80,110,65,90,50
Eiscue Noice Face,Ice,Penguin Pokemon,1.4,89.0,60.0,50.0,165.0,75,80,70,65,50,130
Crustle,"Bug, Rock",Stone Home Pokemon,1.4,200.0,75.0,50.0,170.0,70,105,125,65,75,45
Hisuian Avalugg,"Ice, Rock",Iceberg Pokemon,1.4,262.4,55.0,50.0,180.0,95,127,184,34,36,38
Golem,"Rock, Ground",Megaton Pokemon,1.4,300.0,45.0,50.0,223.0,80,120,130,55,65,45
Dunsparce,Normal,Land Snake Pokemon,1.5,14.0,190.0,50.0,145.0,100,70,70,65,65,45
Mega Altaria,"Dragon, Fairy",Humming Pokemon,1.5,20.6,45.0,50.0,207.0,75,110,110,110,105,80
Meowscarada,"Grass, Dark",Magician Pokemon,1.5,31.2,45.0,50.0,265.0,76,110,70,81,70,123
Mega Audino,"Normal, Fairy",Hearing Pokemon,1.5,32.0,255.0,50.0,425.0,103,60,126,80,126,50
Mega Mewtwo Y,Psychic,Genetic Pokemon,1.5,33.0,3.0,0.0,351.0,106,150,70,194,120,140
Delphox,"Fire, Psychic",Fox Pokemon,1.5,39.0,45.0,50.0,267.0,75,69,72,114,100,104
Pidgeot,"Normal, Flying",Bird Pokemon,1.5,39.5,45.0,50.0,216.0,83,80,75,70,70,101
Greninja,"Water, Dark",Ninja Pokemon,1.5,40.0,45.0,50.0,265.0,72,95,67,103,71,122
Ash-Greninja,"Water, Dark",Ninja Pokemon,1.5,40.0,45.0,50.0,265.0,72,145,67,153,71,132
Manectric,Electric,Discharge Pokemon,1.5,40.2,45.0,50.0,166.0,70,75,60,105,60,105
Gengar,"Ghost, Poison",Shadow Pokemon,1.5,40.5,45.0,50.0,250.0,60,65,60,130,75,110
Braviary,"Normal, Flying",Valiant Pokemon,1.5,41.0,60.0,50.0,179.0,100,123,75,57,75,80
Girafarig,"Normal, Psychic",Long Neck Pokemon,1.5,41.5,60.0,50.0,159.0,70,80,65,90,65,85
Bombirdier,"Flying, Dark",Item Drop Pokemon,1.5,42.9,25.0,50.0,243.0,70,103,85,60,85,82
Gothitelle,Psychic,Astral Body Pokemon,1.5,44.0,50.0,50.0,245.0,70,55,95,95,110,65
Glimmora,"Rock, Poison",Ore Pokemon,1.5,45.0,25.0,50.0,184.0,83,55,90,130,81,86
Blissey,Normal,Happiness Pokemon,1.5,46.8,30.0,140.0,635.0,255,10,10,75,135,55
Malamar,"Dark, Psychic",Overturning Pokemon,1.5,47.0,80.0,50.0,169.0,86,92,88,68,75,73
Alakazam,Psychic,Psi Pokemon,1.5,48.0,50.0,50.0,225.0,55,50,45,135,95,120
Hitmonlee,Fighting,Kicking Pokemon,1.5,49.8,45.0,50.0,159.0,50,120,53,35,110,87
Darkrai,Dark,Pitch-Black Pokemon,1.5,50.5,3.0,0.0,270.0,70,90,90,135,90,125
Heracross,"Bug, Fighting",Single Horn Pokemon,1.5,54.0,45.0,50.0,175.0,80,125,75,40,95,85
Ludicolo,"Water, Grass",Carefree Pokemon,1.5,55.0,45.0,50.0,216.0,80,70,70,90,100,70
Pinsir,Bug,Stag Beetle Pokemon,1.5,55.0,45.0,50.0,175.0,65,125,100,55,70,85
Mr. Rime,"Ice, Psychic",Comedian Pokemon,1.5,58.2,45.0,50.0,182.0,80,85,75,110,100,70
Cradily,"Rock, Grass",Barnacle Pokemon,1.5,60.4,45.0,50.0,173.0,86,81,97,81,107,43
Grimmsnarl,"Dark, Fairy",Bulk Up Pokemon,1.5,61.0,45.0,50.0,255.0,95,120,65,95,75,60
Landorus Incarnate Forme,"Ground, Flying",Abundance Pokemon,1.5,68.0,3.0,90.0,300.0,89,125,90,115,80,101
Armaldo,"Rock, Bug",Plate Pokemon,1.5,68.2,45.0,50.0,173.0,75,125,100,70,80,45
Machoke,Fighting,Superpower Pokemon,1.5,70.5,90.0,50.0,142.0,80,100,70,50,60,45
Oranguru,"Normal, Psychic",Sage Pokemon,1.5,76.0,45.0,50.0,172.0,90,60,80,90,110,60
Genesect,"Bug, Steel",Paleozoic Pokemon,1.5,82.5,3.0,0.0,270.0,71,120,95,120,95,99
Exploud,Normal,Loud Noise Pokemon,1.5,84.0,45.0,50.0,221.0,104,91,63,91,73,68
Armarouge,"Fire, Psychic",Fire Warrior Pokemon,1.5,85.0,25.0,20.0,263.0,85,60,100,125,80,75
Noivern,"Flying, Dragon",Sound Wave Pokemon,1.5,85.0,45.0,50.0,187.0,85,70,80,97,80,123
Cresselia,Psychic,Lunar Pokemon,1.5,85.6,3.0,100.0,290.0,120,70,110,75,120,85
Krookodile,"Ground, Dark",Intimidation Pokemon,1.5,96.3,45.0,50.0,260.0,95,117,80,65,70,92
Claydol,"Ground, Psychic",Clay Doll Pokemon,1.5,108.0,90.0,50.0,175.0,60,70,105,70,120,75
Iron Leaves,"Grass, Psychic",Paradox Pokemon,1.5,125.0,5.0,50.0,64.0,90,130,88,70,108,104
Cloyster,"Water, Ice",Bivalve Pokemon,1.5,132.5,60.0,50.0,184.0,50,95,180,85,45,70
Iron Boulder,"Rock, Psychic",Paradox Pokemon,1.5,162.5,10.0,50.0,64.0,90,120,80,68,108,124
Glalie,Ice,Face Pokemon,1.5,256.5,75.0,50.0,168.0,80,80,80,80,80,80
Haunter,"Ghost, Poison",Gas Pokemon,1.6,0.1,90.0,50.0,142.0,45,50,45,115,55,95
Dusclops,Ghost,Beckon Pokemon,1.6,30.6,90.0,35.0,159.0,40,70,130,60,130,25
Decidueye,"Grass, Ghost",Arrow Quill Pokemon,1.6,36.6,45.0,50.0,265.0,78,107,75,100,100,70
Hisuian Decidueye,"Grass, Fighting",Arrow Quill Pokemon,1.6,37.0,45.0,50.0,265.0,88,112,80,95,95,60
Flamigo,"Flying, Fighting",Synchronize Pokemon,1.6,37.0,100.0,50.0,175.0,82,115,74,75,64,90
Grapploct,Fighting,Tantrum Pokemon,1.6,39.0,45.0,50.0,168.0,80,118,90,70,80,42
Noctowl,"Normal, Flying",Owl Pokemon,1.6,40.8,90.0,50.0,158.0,100,50,50,86,96,70
Obstagoon,"Dark, Normal",Blocking Pokemon,1.6,46.0,45.0,50.0,260.0,93,90,101,60,81,95
Enamorus Incarnate Forme,"Fairy, Flying",Love-Hate Pokemon,1.6,48.0,3.0,50.0,116.0,74,115,70,135,80,106
Enamorus Therian Forme,"Fairy, Flying",Love-Hate Pokemon,1.6,48.0,3.0,50.0,116.0,74,115,110,135,100,46
Gardevoir,"Psychic, Fairy",Embrace Pokemon,1.6,48.4,45.0,35.0,259.0,68,65,65,125,115,80
Mega Gardevoir,"Psychic, Fairy",Embrace Pokemon,1.6,48.4,45.0,35.0,278.0,68,85,65,165,135,100
Gallade,"Psychic, Fighting",Blade Pokemon,1.6,52.0,45.0,35.0,259.0,68,125,65,65,115,80
Golbat,"Poison, Flying",Bat Pokemon,1.6,55.0,90.0,50.0,159.0,75,80,70,65,75,90
Mega Gallade,"Psychic, Fighting",Blade Pokemon,1.6,56.4,45.0,35.0,278.0,68,165,95,65,115,110
Ceruledge,"Fire, Ghost",Fire Blades Pokemon,1.6,62.0,25.0,20.0,263.0,75,125,80,60,100,85
Cyclizar,"Dragon, Normal",Mount Pokemon,1.6,63.0,190.0,50.0,175.0,70,95,65,85,65,121
Magmortar,Fire,Blast Pokemon,1.6,68.0,30.0,50.0,243.0,75,95,67,125,95,83
Bisharp,"Dark, Steel",Sword Blade Pokemon,1.6,70.0,45.0,35.0,172.0,65,125,100,60,70,70
Hypno,Psychic,Hypnosis Pokemon,1.6,75.6,75.0,50.0,169.0,85,73,70,73,115,67
Kommo-o,"Dragon, Fighting",Scaly Pokemon,1.6,78.2,45.0,50.0,270.0,75,110,125,100,105,85
Blastoise,Water,Shellfish Pokemon,1.6,85.5,45.0,50.0,239.0,79,83,100,85,105,78
Chesnaught,"Grass, Fighting",Spiny Armor Pokemon,1.6,90.0,45.0,50.0,265.0,88,107,122,74,75,64
Bouffalant,Normal,Bash Buffalo Pokemon,1.6,94.6,45.0,50.0,172.0,95,110,95,40,95,55
Mega Blastoise,Water,Shellfish Pokemon,1.6,101.1,45.0,50.0,284.0,79,103,120,135,115,78
Machamp,Fighting,Superpower Pokemon,1.6,130.0,45.0,50.0,227.0,90,130,80,65,85,55
Druddigon,Dragon,Cave Pokemon,1.6,139.0,45.0,50.0,170.0,77,120,90,60,90,48
Emboar,"Fire, Fighting",Mega Fire Pig Pokemon,1.6,150.0,45.0,50.0,238.0,110,123,65,100,65,65
Iron Crown,"Steel, Psychic",Paradox Pokemon,1.6,156.0,10.0,50.0,64.0,90,72,100,122,108,98
Iron Thorns,"Rock, Electric",Paradox Pokemon,1.6,303.0,30.0,0.0,285.0,100,134,110,70,84,72
Metagross,"Steel, Psychic",Iron Leg Pokemon,1.6,550.0,3.0,35.0,270.0,80,135,130,95,90,70
Huntail,Water,Deep Sea Pokemon,1.7,27.0,60.0,50.0,170.0,55,104,105,94,75,52
Gourgeist Super Size,"Ghost, Grass",Pumpkin Pokemon,1.7,39.0,60.0,50.0,173.0,85,100,122,58,75,54
Hisuian Braviary,"Psychic, Flying",Battle Cry Pokemon,1.7,43.4,60.0,50.0,179.0,110,83,70,112,70,65
Galarian Articuno,"Psychic, Flying",Cruel Pokemon,1.7,50.9,3.0,35.0,290.0,90,85,85,125,100,95
Aegislash Shield Forme,"Steel, Ghost",Royal Sword Pokemon,1.7,53.0,45.0,50.0,234.0,60,50,140,50,140,60
Aegislash Blade Forme,"Steel, Ghost",Royal Sword Pokemon,1.7,53.0,45.0,50.0,234.0,60,140,50,140,50,60
Articuno,"Ice, Flying",Freeze Pokemon,1.7,55.4,3.0,35.0,290.0,90,85,100,95,125,85
Mega Pinsir,"Bug, Flying",Stag Beetle Pokemon,1.7,59.0,45.0,50.0,210.0,65,155,120,65,90,105
Deoxys Normal Forme,Psychic,DNA Pokemon,1.7,60.8,3.0,0.0,270.0,50,150,50,150,50,150
Deoxys Attack Forme,Psychic,DNA Pokemon,1.7,60.8,3.0,0.0,270.0,50,180,20,180,20,150
Deoxys Defense Forme,Psychic,DNA Pokemon,1.7,60.8,3.0,0.0,270.0,50,70,160,70,160,90
Deoxys Speed Forme,Psychic,DNA Pokemon,1.7,60.8,3.0,0.0,270.0,50,95,90,95,90,180
Mega Heracross,"Bug, Fighting",Single Horn Pokemon,1.7,62.5,45.0,50.0,210.0,80,185,115,40,105,75
Cofagrigus,Ghost,Coffin Pokemon,1.7,76.5,90.0,50.0,169.0,58,50,145,95,105,30
Golduck,Water,Duck Pokemon,1.7,76.6,75.0,50.0,175.0,80,82,78,95,80,85
Empoleon,"Water, Steel",Emperor Pokemon,1.7,84.5,45.0,50.0,239.0,84,86,88,111,101,60
Charizard,"Fire, Flying",Flame Pokemon,1.7,90.5,45.0,50.0,267.0,78,84,78,109,85,100
Gogoat,Grass,Mount Pokemon,1.7,91.0,45.0,50.0,186.0,123,100,62,97,81,68
Mega Charizard Y,"Fire, Flying",Flame Pokemon,1.7,100.5,45.0,50.0,285.0,78,104,78,159,115,100
Mega Charizard X,"Fire, Dragon",Flame Pokemon,1.7,110.5,45.0,50.0,285.0,78,130,111,130,85,100
Darmanitan Galarian Standard Mode,Ice,Zen Charm Pokemon,1.7,120.0,60.0,50.0,168.0,105,140,55,30,55,95
Darmanitan Galarian Zen Mode,"Ice, Fire",Zen Charm Pokemon,1.7,120.0,60.0,50.0,168.0,105,160,55,30,55,135
Dewgong,"Water, Ice",Sea Lion Pokemon,1.7,120.0,75.0,50.0,166.0,90,70,80,70,95,70
Lickilicky,Normal,Licking Pokemon,1.7,140.0,30.0,50.0,180.0,110,85,95,80,95,50
Crabominable,"Fighting, Ice",Woolly Crab Pokemon,1.7,180.0,60.0,50.0,167.0,97,132,77,62,67,43
Gigalith,Rock,Compressed Pokemon,1.7,260.0,45.0,50.0,232.0,85,135,130,60,80,25
Alolan Golem,"Rock, Electric",Megaton Pokemon,1.7,316.0,45.0,50.0,223.0,80,120,130,55,65,45
Hisuian Goodra,"Steel, Dragon",Shell Bunker Pokemon,1.7,334.1,45.0,35.0,300.0,80,100,100,110,150,60
Heatran,"Fire, Steel",Lava Dome Pokemon,1.7,430.0,3.0,100.0,300.0,91,90,106,130,106,77
Dratini,Dragon,Dragon Pokemon,1.8,3.3,45.0,35.0,60.0,41,64,45,50,50,50
Blacephalon,"Fire, Ghost",Fireworks Pokemon,1.8,13.0,30.0,0.0,257.0,53,127,53,151,79,107
Gorebyss,Water,South Sea Pokemon,1.8,22.6,60.0,50.0,170.0,55,84,105,114,75,52
Pheromosa,"Bug, Fighting",Lissome Pokemon,1.8,25.0,45.0,0.0,257.0,71,137,37,137,37,151
Furret,Normal,Long Body Pokemon,1.8,32.5,90.0,50.0,145.0,85,76,64,45,55,90
Duraludon,"Steel, Dragon",Alloy Pokemon,1.8,40.0,45.0,50.0,187.0,70,95,115,120,50,85
Mega Manectric,Electric,Discharge Pokemon,1.8,44.0,45.0,50.0,201.0,70,75,80,135,80,135
Mega Latias,"Dragon, Psychic",Eon Pokemon,1.8,52.0,3.0,90.0,315.0,80,100,120,140,150,110
Aerodactyl,"Rock, Flying",Fossil Pokemon,1.8,59.0,45.0,50.0,180.0,80,105,65,60,75,130
Crobat,"Poison, Flying",Bat Pokemon,1.8,75.0,90.0,50.0,241.0,85,90,80,70,80,130
Dragalge,"Poison, Dragon",Mock Kelp Pokemon,1.8,81.5,55.0,50.0,173.0,65,75,90,97,123,44
Araquanid,"Water, Bug",Water Bubble Pokemon,1.8,82.0,100.0,50.0,159.0,68,70,92,50,132,42
Incineroar,"Fire, Dark",Heel Pokemon,1.8,83.0,45.0,50.0,239.0,95,115,90,80,90,60
Dodrio,"Normal, Flying",Triple Bird Pokemon,1.8,85.2,45.0,50.0,165.0,60,110,70,60,60,110
Kleavor,"Bug, Rock",Axe Pokemon,1.8,89.0,15.0,50.0,175.0,70,135,95,45,70,85
Okidogi,"Poison, Fighting",Retainer Pokemon,1.8,92.0,3.0,50.0,64.0,88,128,115,58,86,80
Hydrapple,"Grass, Dragon",???,1.8,93.0,10.0,50.0,64.0,106,80,110,120,80,44
Palafin Hero Form,Water,Hero Pokemon,1.8,97.4,45.0,50.0,228.0,100,160,97,106,87,100
Meganium,Grass,Herb Pokemon,1.8,100.5,45.0,50.0,236.0,80,82,100,83,100,80
Haxorus,Dragon,Axe Jaw Pokemon,1.8,105.5,45.0,35.0,270.0,76,147,90,60,70,97
Electivire,Electric,Thunderbolt Pokemon,1.8,138.6,30.0,50.0,243.0,75,123,67,95,85,95
Kingdra,"Water, Dragon",Dragon Pokemon,1.8,152.0,45.0,50.0,243.0,75,95,95,95,95,85
Hydreigon,"Dark, Dragon",Brutal Pokemon,1.8,160.0,45.0,35.0,300.0,92,105,90,125,90,98
Dracozolt,"Electric, Dragon",Fossil Pokemon,1.8,190.0,45.0,50.0,177.0,90,100,90,80,70,75
Clodsire,"Poison, Ground",Spiny Fish Pokemon,1.8,223.0,90.0,50.0,151.0,130,75,60,45,100,20
Iron Hands,"Fighting, Electric",Paradox Pokemon,1.8,380.7,50.0,0.0,285.0,154,140,108,50,68,50
Inteleon,Water,Secret Agent Pokemon,1.9,45.2,45.0,50.0,265.0,70,85,65,125,65,120
Mega Houndoom,"Dark, Fire",Dark Pokemon,1.9,49.5,45.0,35.0,210.0,75,90,90,140,90,115
Blaziken,"Fire, Fighting",Blaze Pokemon,1.9,52.0,45.0,50.0,239.0,80,120,70,110,70,80
Mega Blaziken,"Fire, Fighting",Blaze Pokemon,1.9,52.0,45.0,50.0,284.0,80,160,80,130,80,100
Espathra,Psychic,Ostrich Pokemon,1.9,90.0,60.0,50.0,168.0,95,60,60,101,60,105
Garchomp,"Dragon, Ground",Mach Pokemon,1.9,95.0,45.0,50.0,300.0,108,130,95,80,85,102
Mega Garchomp,"Dragon, Ground",Mach Pokemon,1.9,95.0,45.0,50.0,315.0,108,170,115,120,95,92
Garbodor,Poison,Trash Heap Pokemon,1.9,107.3,60.0,50.0,166.0,80,95,82,60,82,75
Chien-Pao,"Dark, Ice",Ruinous Pokemon,1.9,152.2,6.0,0.0,285.0,80,120,80,90,65,135
Arcanine,Fire,Legendary Pokemon,1.9,155.0,75.0,50.0,194.0,90,110,80,100,80,95
Camerupt,"Fire, Ground",Eruption Pokemon,1.9,220.0,150.0,50.0,161.0,70,100,70,105,75,40
Ekans,Poison,Snake Pokemon,2.0,6.9,255.0,50.0,58.0,35,60,44,40,54,55
Houndstone,Ghost,Ghost Dog Pokemon,2.0,15.0,60.0,50.0,171.0,72,101,100,50,97,68
Gliscor,"Ground, Flying",Fang Scorp Pokemon,2.0,42.5,30.0,50.0,179.0,75,95,125,45,75,95
Archaludon,"Steel, Dragon",Alloy Pokemon,2.0,60.0,10.0,50.0,64.0,90,105,130,125,65,85
Latios,"Dragon, Psychic",Eon Pokemon,2.0,60.0,3.0,90.0,270.0,80,90,80,130,110,110
Moltres,"Fire, Flying",Flame Pokemon,2.0,60.0,3.0,35.0,290.0,90,100,90,125,85,90
Galarian Moltres,"Dark, Flying",Malevolent Pokemon,2.0,66.0,3.0,35.0,290.0,90,85,90,100,125,90
Flygon,"Ground, Dragon",Mystic Pokemon,2.0,82.0,45.0,50.0,234.0,80,100,80,80,80,100
Passimian,Fighting,Teamwork Pokemon,2.0,82.8,45.0,50.0,172.0,100,120,90,40,60,80
Golisopod,"Bug, Water",Hard Scale Pokemon,2.0,108.0,45.0,50.0,186.0,75,125,140,60,90,40
Exeggutor,"Grass, Psychic",Coconut Pokemon,2.0,120.0,45.0,50.0,186.0,95,95,85,125,75,55
Kingambit,"Dark, Steel",Big Blade Pokemon,2.0,120.0,25.0,50.0,275.0,100,135,120,60,85,50
Mewtwo,Psychic,Genetic Pokemon,2.0,122.0,3.0,0.0,340.0,106,110,90,154,90,130
Goodra,Dragon,Dragon Pokemon,2.0,150.5,45.0,35.0,300.0,90,100,70,110,150,80
Hisuian Arcanine,"Fire, Rock",Legendary Pokemon,2.0,168.0,75.0,50.0,194.0,95,115,80,95,80,90
Arctovish,"Water, Ice",Fossil Pokemon,2.0,175.0,45.0,50.0,177.0,90,90,100,80,90,55
Hippowdon,Ground,Heavyweight Pokemon,2.0,300.0,60.0,50.0,184.0,108,112,118,68,72,47
Avalugg,Ice,Iceberg Pokemon,2.0,505.0,55.0,50.0,180.0,95,117,184,44,46,28
Hatterene,"Psychic, Fairy",Silent Pokemon,2.1,5.1,45.0,50.0,255.0,57,90,95,136,103,29
Mega Aerodactyl,"Rock, Flying",Fossil Pokemon,2.1,79.0,45.0,50.0,215.0,80,135,85,70,95,150
Eelektross,Electric,EleFish Pokemon,2.1,80.5,30.0,50.0,258.0,85,115,80,105,80,50
Bewear,"Normal, Fighting",Strong Arm Pokemon,2.1,135.0,70.0,50.0,175.0,120,125,80,55,60,60
Pangoro,"Fighting, Dark",Daunting Pokemon,2.1,136.0,65.0,50.0,173.0,95,124,78,69,71,58
Entei,Fire,Volcano Pokemon,2.1,198.0,3.0,35.0,261.0,115,115,85,90,75,100
Baxcalibur,"Dragon, Ice",Ice Dragon Pokemon,2.1,210.0,10.0,50.0,300.0,115,145,92,75,86,87
Mantine,"Water, Flying",Kite Pokemon,2.1,220.0,25.0,50.0,170.0,85,40,70,80,140,70
Cobalion,"Steel, Fighting",Iron Will Pokemon,2.1,250.0,3.0,35.0,261.0,91,90,129,90,72,108
Mega Glalie,Ice,Face Pokemon,2.1,350.2,75.0,50.0,203.0,80,120,80,120,80,100
Aggron,"Steel, Rock",Iron Armor Pokemon,2.1,360.0,45.0,35.0,239.0,70,110,180,60,60,50
Mega Pidgeot,"Normal, Flying",Bird Pokemon,2.2,50.5,45.0,50.0,261.0,83,80,80,135,80,121
Corviknight,"Flying, Steel",Raven Pokemon,2.2,75.0,45.0,50.0,248.0,98,87,105,53,85,67
Kangaskhan,Normal,Parent Pokemon,2.2,80.0,45.0,50.0,172.0,105,95,80,40,80,90
Mega Kangaskhan,Normal,Parent Pokemon,2.2,100.0,45.0,50.0,207.0,105,125,100,60,100,100
Dusknoir,Ghost,Gripper Pokemon,2.2,106.6,45.0,35.0,236.0,45,100,135,65,135,45
Jellicent,"Water, Ghost",Floating Pokemon,2.2,135.0,60.0,50.0,168.0,100,60,70,85,105,60
Abomasnow,"Grass, Ice",Frost Tree Pokemon,2.2,135.5,60.0,50.0,173.0,90,92,75,92,85,60
Dragonite,"Dragon, Flying",Dragon Pokemon,2.2,210.0,45.0,35.0,300.0,91,134,95,100,100,80
Great Tusk,"Ground, Fighting",Paradox Pokemon,2.2,320.0,30.0,0.0,285.0,115,131,131,53,53,87
Mega Aggron,Steel,Iron Armor Pokemon,2.2,395.0,45.0,35.0,284.0,70,140,230,60,80,50
Mega Latios,"Dragon, Psychic",Eon Pokemon,2.3,70.0,3.0,90.0,315.0,80,130,100,160,120,110
Feraligatr,Water,Big Jaw Pokemon,2.3,88.8,45.0,50.0,239.0,85,105,100,79,83,78
Mega Mewtwo X,"Psychic, Fighting",Genetic Pokemon,2.3,127.0,3.0,0.0,351.0,106,190,100,154,100,130
Arctozolt,"Electric, Ice",Fossil Pokemon,2.3,150.0,45.0,50.0,177.0,90,100,90,90,80,55
Dracovish,"Water, Dragon",Fossil Pokemon,2.3,215.0,45.0,50.0,177.0,90,90,100,70,80,75
Garganacl,Rock,Rock Salt Pokemon,2.3,240.0,45.0,50.0,250.0,100,100,130,45,90,35
Hariyama,Fighting,Arm Thrust Pokemon,2.3,253.8,200.0,50.0,166.0,144,120,60,40,60,50
Calyrex Shadow Rider,"Psychic, Ghost",High King Pokemon,2.4,53.6,3.0,100.0,340.0,100,85,80,165,100,150
Necrozma,Psychic,Prism Pokemon,2.4,230.0,255.0,0.0,270.0,97,107,101,127,89,79
Buzzwole,"Bug, Fighting",Swollen Pokemon,2.4,333.6,45.0,0.0,257.0,107,139,139,53,53,79
Overqwil,"Dark, Poison",Pin Cluster Pokemon,2.5,60.5,45.0,50.0,179.0,85,115,95,65,65,85
Lapras,"Water, Ice",Transport Pokemon,2.5,220.0,45.0,50.0,187.0,130,85,80,85,95,60
Mamoswine,"Ice, Ground",Twin Tusk Pokemon,2.5,291.0,50.0,50.0,239.0,110,130,80,70,60,80
Koraidon,"Fighting, Dragon",Paradox Pokemon,2.5,303.0,3.0,0.0,335.0,100,135,115,85,100,135
Orthworm,Steel,Earthworm Pokemon,2.5,310.0,25.0,50.0,240.0,70,85,145,60,55,65
Mega Camerupt,"Fire, Ground",Eruption Pokemon,2.5,320.5,150.0,50.0,196.0,70,120,100,145,105,20
Beartic,Ice,Freezing Pokemon,2.6,260.0,60.0,50.0,177.0,95,130,80,70,80,50
Mega Abomasnow,"Grass, Ice",Frost Tree Pokemon,2.7,185.0,60.0,50.0,208.0,90,132,105,132,105,30
Aurorus,"Rock, Ice",Tundra Pokemon,2.7,225.0,45.0,50.0,104.0,123,77,72,99,92,58
Coalossal,"Rock, Fire",Coal Pokemon,2.8,310.5,45.0,50.0,255.0,110,80,120,80,90,30
Golurk,"Ground, Ghost",Automaton Pokemon,2.8,330.0,90.0,50.0,169.0,89,124,80,55,80,55
Dragapult,"Dragon, Ghost",Stealth Pokemon,3.0,50.0,45.0,50.0,300.0,88,120,75,100,75,142
Falinks,Fighting,Formation Pokemon,3.0,62.0,45.0,50.0,165.0,65,100,100,70,60,75
Basculegion Male,"Water, Ghost",Big Fish Pokemon,3.0,110.0,45.0,50.0,265.0,120,112,65,80,75,78
Basculegion Female,"Water, Ghost",Big Fish Pokemon,3.0,110.0,45.0,50.0,265.0,120,92,65,100,75,78
Centiskorch,"Fire, Bug",Radiator Pokemon,3.0,120.0,75.0,50.0,184.0,100,115,65,90,90,65
Drampa,"Normal, Dragon",Placid Pokemon,3.0,185.0,70.0,50.0,170.0,78,60,85,135,91,36
Kyurem,"Dragon, Ice",Boundary Pokemon,3.0,325.0,3.0,0.0,297.0,125,130,90,130,90,95
Copperajah,Steel,Copperderm Pokemon,3.0,650.0,90.0,50.0,175.0,122,130,69,80,69,30
Farigiraf,"Normal, Psychic",Long Neck Pokemon,3.2,160.0,45.0,50.0,260.0,120,90,70,110,70,60
Arceus,Normal,Alpha Pokemon,3.2,320.0,3.0,0.0,360.0,120,120,120,120,120,120
Black Kyurem,"Dragon, Ice",Boundary Pokemon,3.3,325.0,3.0,0.0,315.0,125,170,100,120,90,95
Arbok,Poison,Cobra Pokemon,3.5,65.0,90.0,50.0,157.0,60,95,69,65,79,80
Miraidon,"Electric, Dragon",Paradox Pokemon,3.5,240.0,3.0,0.0,335.0,100,85,100,135,115,135
Gouging Fire,"Fire, Dragon",Paradox Pokemon,3.5,590.0,10.0,50.0,64.0,105,115,121,65,93,91
Dudunsparce Two-Segment Form,Normal,Land Snake Pokemon,3.6,39.2,45.0,50.0,182.0,125,100,80,85,75,55
Naganadel,"Poison, Dragon",Poison Pin Pokemon,3.6,150.0,45.0,0.0,243.0,73,73,73,127,73,121
White Kyurem,"Dragon, Ice",Boundary Pokemon,3.6,325.0,3.0,0.0,315.0,125,120,90,170,100,95
Ho-oh,"Fire, Flying",Rainbow Pokemon,3.8,199.0,3.0,0.0,306.0,106,130,90,110,154,90
Dusk Mane Necrozma,"Psychic, Steel",Prism Pokemon,3.8,460.0,3.0,0.0,306.0,97,157,127,113,109,77
Dhelmise,"Ghost, Grass",Sea Creeper Pokemon,3.9,210.0,25.0,50.0,181.0,70,131,100,86,90,40
Dragonair,Dragon,Dragon Pokemon,4.0,16.5,45.0,35.0,147.0,61,84,65,70,70,70
Lunala,"Psychic, Ghost",Moone Pokemon,4.0,120.0,45.0,0.0,306.0,137,113,89,137,107,97
Palkia,"Water, Dragon",Spatial Pokemon,4.2,336.0,3.0,0.0,340.0,90,120,100,150,120,100
Dawn Wings Necrozma,"Psychic, Ghost",Prism Pokemon,4.2,350.0,3.0,0.0,306.0,97,113,109,157,127,77
Dudunsparce Three-Segment Form,Normal,Land Snake Pokemon,4.5,47.4,45.0,50.0,182.0,125,100,80,85,75,55
Kyogre,Water,Sea Basin Pokemon,4.5,352.0,3.0,0.0,335.0,100,100,90,150,140,90
Cetitan,Ice,Terra Whale Pokemon,4.5,700.0,50.0,50.0,182.0,170,113,65,45,55,73
Giratina Altered Forme,"Ghost, Dragon",Renegade Pokemon,4.5,750.0,3.0,0.0,340.0,150,100,120,100,120,90
Lugia,"Psychic, Flying",Diving Pokemon,5.2,216.0,3.0,0.0,306.0,106,90,130,90,154,110
Dialga,"Steel, Dragon",Temporal Pokemon,5.4,683.0,3.0,0.0,340.0,100,120,120,150,100,90
Milotic,Water,Tender Pokemon,6.2,162.0,60.0,50.0,189.0,95,60,79,100,125,81
Palkia Origin Forme,"Water, Dragon",Spatial Pokemon,6.3,660.0,3.0,0.0,340.0,90,100,100,150,120,120
Gyarados,"Water, Flying",Atrocious Pokemon,6.5,235.0,45.0,50.0,189.0,95,125,79,60,100,81
Mega Gyarados,"Water, Dark",Atrocious Pokemon,6.5,305.0,45.0,50.0,224.0,95,155,109,70,130,81
Hoopa Unbound,"Psychic, Dark",Djinn Pokemon,6.5,490.0,3.0,50.0,340.0,80,160,60,170,130,80
Giratina Origin Forme,"Ghost, Dragon",Renegade Pokemon,6.9,650.0,3.0,0.0,340.0,150,120,100,120,100,90
Ultra Necrozma,"Psychic, Dragon",Prism Pokemon,7.5,230.0,3.0,0.0,339.0,97,167,97,167,97,129
Onix,"Rock, Ground",Rock Snake Pokemon,8.8,210.0,45.0,50.0,77.0,35,45,160,30,45,70
Primal Kyogre,Water,Sea Basin Pokemon,9.8,430.0,5.0,0.0,347.0,100,150,90,180,160,90
Alolan Exeggutor,"Grass, Dragon",Coconut Pokemon,10.9,415.6,45.0,50.0,186.0,95,105,85,125,75,45
Dondozo,Water,Big Catfish Pokemon,12.0,220.0,25.0,50.0,265.0,150,100,115,65,65,35
